产品url ,  asin ,  星级 ,  评论数 ,  品牌 ,  标题
https://www.amazon.de/dp/B072SS9WRT , B072SS9WRT , 5 , 5 , NAWINNER , 2 flexible Kupplungen， 5 mm auf 8 mm， NEMA 17， Schaft für RepRap 3D-Drucker oder CNC-Maschine
https://www.amazon.de/dp/B00JE5X3D8 , B00JE5X3D8 , 5 , 5 , AYAGROUP , Aya 25 Ft (25 Füße) DB25 Stecker auf Centronics 36 Stecker Parallel Drucker Kabel
https://www.amazon.de/dp/B072FRQPFK , B072FRQPFK , 5 , 5 , Hizek , Steckdosenleiste， Hizek 4 Runde Steckplätze 4 USB Ladeport für Smartphones， Tablets und USB Ladende Geräte und andere Elektrogeräte usw. -- weiß
https://www.amazon.de/dp/B06ZY4X8JJ , B06ZY4X8JJ , 5 , 4 , GMHO.co.uk , SAT-Koax-Kabel Verlängerung Typ F vergoldet
https://www.amazon.de/dp/B00NT51FR0 , B00NT51FR0 , 5 , 3 , Golden Power , Batterie Golden Power V27PX Alkaline Photo， Alkaline， 6V
https://www.amazon.de/dp/B000NRYU9M , B000NRYU9M , 5 , 2 , Hama , Hama USB-Stick-Tasche
https://www.amazon.de/dp/B07FRBD6CP , B07FRBD6CP , 5 , 1 , RQTX , Neu MacBook Pro 13 Hülle 2017 - RQTX Laptop Zubehör Taschen Plastik Hartschale mit Transparent Tastaturabdeckung für Apple MacBook Pro 13 Zoll mit/ohne Touch Bar Modell A1706/A1708，Palmblätter dunkelgrün
https://www.amazon.de/dp/B07D16F2FY , B07D16F2FY , 5 , 1 , CUBOT , CUBOT R11 Entsperrt 3G Smartphone 5，5 Zoll 18: 9 HD-Bildschirm Android 8.1 2 GB 16 GB 13 + 2MP Dual zurück hinten Kameras 8MP Frontkamera Fingerabdruck Mobiltelefon (Blau)
https://www.amazon.de/dp/B006J37G7M , B006J37G7M , 5 , 1 , Pollmann , Überspannungsschutz-Adapter， Schutzkontaktsteckdose
https://www.amazon.de/dp/B004Z62R5G , B004Z62R5G , 5 , 1 , MANAX , Geräte-Anschlusskabel |Eurostecker - Doppelnut-Kupplung|10m
https://www.amazon.de/dp/B07CG71WN3 , B07CG71WN3 , 5 , 1 , TopACE.DE , Huawei Y6 2018 Panzerglas，TopACE Huawei Y6 2018 Vollabdeckung Schutzfolie 9H Härte Displayschutz Panzerglas für Huawei Y6 2018 (Schwarz)
https://www.amazon.de/dp/B004BUBO32 , B004BUBO32 , 5 , 1 , CHERRY , Cherry Evolution Stream XT Tastatur Schweizerisch grau
https://www.amazon.de/dp/B00P2G50ZM , B00P2G50ZM , 5 , 1 , Adesiviamo , Adhesivo Biancaneve Snow d blanco nieve Snow-white 2 decal sticker for apple mac macbook tutti i modelli
https://www.amazon.de/dp/B076H545WJ , B076H545WJ , 5 , 1 , Luxburg® , Luxburg® 100 Zoll Beamer Leinwand Deckenmontage / Motorleinwand mit Fernbedienung / 221x125cm / Vinylgewebe / Format 16:9
https://www.amazon.de/dp/B01N4PRI7C , B01N4PRI7C , 5 , 1 , Generic , Generic Bluetooth Kopfhörer In Ear Halsband Sport Ohrhörer， 6-Stunden-Spielzeit， Bluetooth V4.1 für Joggen， Workout， Fitness， Headphones mit Mikrofon für IOS， Android， MP3 & Weitere - Grün
https://www.amazon.de/dp/B078S1JL4M , B078S1JL4M , 5 , 1 , YUNJIN , Kabellos Bluetooth 4.1 Autolautsprecher Phone Auto Kit fuer die Sonnenblende - Hände Frei fuer 2 Telefone gleichzeitig - Unterstuetzt Smartphone iPhone7/6/6s plus und andere Geraete mit Bluetooth
https://www.amazon.de/dp/B074K26F1Z , B074K26F1Z , 5 , 1 , Pixel , Pixel 3rd Generation Wireless TTL Blitzauslöser King Pro Transceiver + King X Empfänger für Canon DSLR MI Schuh
https://www.amazon.de/dp/B007NMTZJA , B007NMTZJA , 5 , 1 , Polaroid , Polaroid 145 cm Foto/Video Reise Dreibeinstativ mit Deluxe Tragetasche für die JVC Everio E-10， E-200， EX-250， GZ-V500， GX1， VX700 Camcorder
https://www.amazon.de/dp/B017LYAP2U , B017LYAP2U , 5 , 1 , fittings4you , Gegenlichtblende Sonnenblende Streulichtblende Tulpe 58mm Universal 58 mm
https://www.amazon.de/dp/B00AAHT8AQ , B00AAHT8AQ , 4.7 , 332 , Tripp Lite , 7-OTLT SRGE PRTC 2160 JLS
https://www.amazon.de/dp/B004OZ6B5K , B004OZ6B5K , 4.5 , 6 , Dot.Foto , Dot.Foto Extreme SDHC 8Gb Class 10 (20Mb/s) Speicherkarte für Canon PowerShot A1000 IS | A1100 IS | A1200 | A1300 | A1400 | A2000 IS | A2100 IS | A2200 | A2300 | A2400 IS | A2500 | A2550 | A2600 | A3000 IS | A3100 IS | A3150 IS | A3200 IS | A3300 IS | A3350 IS | A3400 IS | A3500 IS | A4000 IS | A4050 IS
https://www.amazon.de/dp/B0779N9M7G , B0779N9M7G , 4.5 , 2 , Komost , Komost [2-Pack] Adapter USB 3.0 A Stecker auf USB 3.1 Typ C Buchse， Aluminium， Silber
https://www.amazon.de/dp/B07HNHZ3SK , B07HNHZ3SK , 4.5 , 2 , 1aTTack.de , 1aTTack.de 624099 Cat.7 Netzwerkkabel 15m Gelb - 1 Stück - Cat7 Ethernetkabel PoE+ LAN Kabel Rohkabel 10 Gb/s (S-FTP PIMF) Set Patchkabel mit Rj 45 Stecker Cat.6a 1 x 15 Meter Gelb
https://www.amazon.de/dp/B0797HLR8Z , B0797HLR8Z , 4.4 , 18906 , Amazon , Fire TV Stick mit Alexa-Sprachfernbedienung (1. Generation) + Echo Dot (2. Generation)， Weiß
https://www.amazon.de/dp/B077Z1NXCF , B077Z1NXCF , 4.4 , 1355 , Mpow , Mpow H1 Bluetooth Kopfhörer über dem Ohr， leicht， bequem für längeres Tragen， Hi-Fi Stereo-Kopfhörer， faltbares Headset mit integriertem Mikrofon und verkabeltem Modus für PC/Handys 2.Black
https://www.amazon.de/dp/B06XVWB7DQ , B06XVWB7DQ , 4.4 , 1003 ,  , Fujifilm Instax Mini 8 Sofortbildkamera
https://www.amazon.de/dp/B01K3WYDIE , B01K3WYDIE , 4.4 , 255 , CableCreation , cablecreation 10 Füße Verlängerungskabel 3，5 mm Stecker auf Buchse Stereo Audio-Verlängerungskabel Adapter， Slim und weiches AUX Kabel mit vergoldeten Stecker， schwarz und weiß
https://www.amazon.de/dp/B01MZ80844 , B01MZ80844 , 4.4 , 3 , MP-Cologne , Tablet Tasche für Medion Lifetab P9702 Schutz Hülle Etui mit Standfunktion + Touch Pen - 9.7 Zoll Paris Sonnenuntergang 360_
https://www.amazon.de/dp/B007WBZ75I , B007WBZ75I , 4.3 , 5 , JVC , JVC HA-S200-W-EF On-Ear Kopfhörer mit Kopfband weiß
https://www.amazon.de/dp/B017DH8OW8 , B017DH8OW8 , 4.3 , 4 , WireThinX , WireThinX Lautsprecherkabel transparent CCA 50 m Rolle， Querschnitt 2 x 4，0 mm²
https://www.amazon.de/dp/B016PY7TTY , B016PY7TTY , 4.2 , 36 , WYVERN AUDIO , Wyvern Triple RCA Stereo Audio- und Video-Kabel – männlich auf Dual weiblich/AV Splitter Composite 3 RCA AV Video Audio Kabel 0，72 Füße (22 cm) wv-av1to2–22
https://www.amazon.de/dp/B01G6U58NQ , B01G6U58NQ , 4.2 , 28 , TARION , TARION Schärfeziehvorrichtung (Follow Focus Modell F1-Pro) für DSLR / Systemkamera und 15mm Rig System
https://www.amazon.de/dp/B06XPK76PS , B06XPK76PS , 4.2 , 5 , MP-Cologne , Case Tasche für ACEPAD A121 (10.1") 3G Tablet PC Schutz Hülle Etui + Touch Pen - 10.1 Zoll Echtleder Braun 360°
https://www.amazon.de/dp/B073F97RVM , B073F97RVM , 4.1 , 4 , Finoo , Finoo HTC one M9 Weiche flexible Silikon-Handy-Hülle | Transparente TPU Cover Schale mit Motiv | Tasche Case Etui mit Ultra Slim Rundum-schutz | Weißer Marmor
https://www.amazon.de/dp/B01A6B3H9I , B01A6B3H9I , 4 , 325 , Bellybuds , BellyBuds (5th Generation) | Prenatal Pregnant Headphones | Belly Phones That Play Music And Voices For The Brain Development Of Your Unborn Baby | The Perfect Baby Shower Gift by Bellybuds
https://www.amazon.de/dp/B005QPC476 , B005QPC476 , 4 , 3 , adaptare , adaptare 73106 Pigtail FAKRA Buchse Typ D auf FME-Buchse schwarz
https://www.amazon.de/dp/B07J2QG51H , B07J2QG51H , 4 , 1 , EGoTech , EGoTech® Display LCD Display Huawei P20 Lite Ane-LX1 + Touch Screen + Frame Glas Glas
https://www.amazon.de/dp/B01NAJ7WI3 , B01NAJ7WI3 , 4 , 1 ,  , N4U ONLINE - Clip Dual Faser Buch Schutzhülle Hülle für Oppo R1 R829T
https://www.amazon.de/dp/B00TSVGARY , B00TSVGARY , 4 , 1 , Mp-cologne , Tolino Tab 8 L2014 / 20，3cm / 8.0 Tablet PC Tasche mit Verstellbarer Standfunktion - 8 Zoll Türkis
https://www.amazon.de/dp/B01677VSE6 , B01677VSE6 , 4 , 1 , MT , Glas TV-Ständer mit Schwenkhalterung für 76，2 cm bis 152，4 cm (32-60 Zoll) Flachbildfernseher - Klarglas - Silber Aluminium Finish - Basiseinheit 110 cm breit
https://www.amazon.de/dp/B01D8XOUUQ , B01D8XOUUQ , 3.9 , 19 ,  , Zelotes T90 Professional 9200 DPI High Precision USB Wired Gaming Maus， 8 Tasten， mit 7 Arten Modi LED bunt Atmen Licht， Gewicht Tuning Set schwarz T90
https://www.amazon.de/dp/B01JK8Z5AC , B01JK8Z5AC , 3.9 , 2 , MP-Cologne , 3er Set - Odys Cosmo Win 9/22，6 cm / 8，9" Tablet Pc Tasche + Touch Stift + Schutzfolie - 9 Zoll Schwarz 3 in 1
https://www.amazon.de/dp/B07GH9H8MV , B07GH9H8MV , 3.8 , 887 , iprotect , iprotect Emoji-Powerbank 8800mAh Externes Ladegerät im Handtaschen Design in Metallic Pink Flap Bag für Smartphones und andere Geräte mit USB-Anschluss - inklusive Micro USB-Ladekabel
https://www.amazon.de/dp/B06XG1DR9S , B06XG1DR9S , 3.8 , 659 , BassPal , BassPal Bluetooth Lautsprecher， IPX7 Wasserfest Tragbar Wireless Lautsprecher 4.0 mit FM Radio und LED Mood Lights HD Sound und Bass für Pool， Strand， Küche & Home
https://www.amazon.de/dp/B01LZSWU20 , B01LZSWU20 , 3.7 , 56 , Navitech , Navitech Rot Schock beweis Schutz fall / Abdeckung für da TomTom Trucker 6000
https://www.amazon.de/dp/B00LBSATEC , B00LBSATEC , 3.7 , 11 , Apple , Apple iPod touch， 16 GB， 2015， Gelb
https://www.amazon.de/dp/B078S7XWXS , B078S7XWXS , 3.7 , 11 , Bicolor , Bicolor Apple Watch Stand， Aluminium 4 in 1 Apple iWatch Ladestation iPhone Docks Holder Station für Apple Watch AirPods/iPhone mit verschiedenen Etuis
https://www.amazon.de/dp/B009NSMTWW , B009NSMTWW , 3.6 , 321 , Iluv , Iluv IEP 334 Kabelgebundene Mini-Lautsprecher
https://www.amazon.de/dp/B071F8HSRW , B071F8HSRW , 3.6 , 80 , iEGrow , iEGrow iPad Pro 9.7 Tastatur Fall， F06 Dünn Aluminum Bluetooth Tastatur mit Schutzhülle Abdeckung für iPad Air 2 und Pro 9.7[QWERTZ deutsches Tastaturlayout] Rose Gold
https://www.amazon.de/dp/B00OKYXNOC , B00OKYXNOC , 3.6 , 31 , X-Sories , XSories Mega U-Shot Einbeinstativ Teleskopstange mit 5，5 Füße Verlängerung
https://www.amazon.de/dp/B01LZ8XCZ7 , B01LZ8XCZ7 , 3.6 , 18 , BlueBeach , BlueBeach hb-39 Ersatz Gegenlichtblende für Nikon AF-S DX Nikkor VR 16–85 mm
https://www.amazon.de/dp/B00U63CT9G , B00U63CT9G , 3.6 , 16 , IBRA , IBRA Stereo Audio Kabel | 3，5 mm Klinke Stecker männlich auf 3，5 mm männlich | 3 Meter | blau | für iPhone 6S Plus， 6，5， iPad， Smartphones， Tablets und Multimedia Player
https://www.amazon.de/dp/B071F8HSRW , B071F8HSRW , 3.5 , 81 , iEGrow , iEGrow iPad Pro 9.7 Tastatur Fall， F06 Dünn Aluminum Bluetooth Tastatur mit Schutzhülle Abdeckung für iPad Air 2 und Pro 9.7[QWERTZ deutsches Tastaturlayout] Rose Gold
https://www.amazon.de/dp/B07GQQVX36 , B07GQQVX36 , 3.4 , 33 , TPSON , 32GB iPhone USB Stick Externer Speicher， TPSON iPad Speichererweiterung Micro USB Speicherstick für IOS， Android und Computers (Silber-2 in 1)
https://www.amazon.de/dp/B003OYO33E , B003OYO33E , 3.4 , 18 , Cocoon , Cocoon Harlem von Hüfttasche， geeignet für iPad und Tablet
https://www.amazon.de/dp/B00LC8A5XQ , B00LC8A5XQ , 3.4 , 13 , Intenso , Intenso Music Dancer MP3-Player (8GB) blau
https://www.amazon.de/dp/B00O29XQ88 , B00O29XQ88 , 3.4 , 7 , Valueline , Valueline VLAP24205B30 - Stereo-Audio-Verlängerungskabel - 2x Cinch Stecker auf 2x RCA Buchse - 3m
https://www.amazon.de/dp/B01DVVUCN4 , B01DVVUCN4 , 3.2 , 8 , Case Wonder , Case Wonder Ersatz Ohrpolster / Ersatzohrpolster / Kopfhörer Ohrkissen für Bose Quietcomfort 3 QC3
https://www.amazon.de/dp/B019DD34QG , B019DD34QG , 3.1 , 61 , Crenova , Crenova XPE460 Beamer 1200 Lumens 800*480 Auflösung Augenschutz inklusive HDMI Kabel - Schwarz
https://www.amazon.de/dp/B0002QNLBC , B0002QNLBC , 3.1 , 23 , Lenovo , Lenovo Business Enhanced Performance  Tastatur， USB， Handauflage
https://www.amazon.de/dp/B0774S1MYL , B0774S1MYL , 3.1 , 2 , LifeePro , Samsung Galaxy S8 Akku Hülle LifeePro 4200mAh Ultra Dünn Externer Akku Case Aufladbar Batterie Ladehülle Integrierten Ersatzakku Ladegerät Power Bank Backup Handy Akkus Extra Pack Schutzhülle für Samsung Galaxy S8 Roségold
https://www.amazon.de/dp/B073RRV2VC , B073RRV2VC , 3 , 12 , TOP CASE , Top Fall – Faded Ombre Silikon Tastatur Cover Skin für alle MacBook
https://www.amazon.de/dp/B07JPYR1GH , B07JPYR1GH , 3 , 3 , Keptei , Keptei Kabellose Bluetooth Kopfhörer Faltbare Kopfhörer - Kabellose Over-Ear Headsets mit Mikrofon， Stereo Musik Headsets für Handys， Smartphones， iPhones und MP3 (Weiß)
https://www.amazon.de/dp/B0055XX3D8 , B0055XX3D8 , 3 , 1 , Nokia , Wired Headset Original Nokia WH205 - Farbe Schwarz Für Nokia X2
https://www.amazon.de/dp/B01BBO6IPO , B01BBO6IPO , 2.9 , 4 , travSIM , travSIM Thailand Prepaid Daten SIM Karte + 250MB für 30 Tage - Standard，Micro & Nano SIM
https://www.amazon.de/dp/B004G8MCJY , B004G8MCJY , 2.8 , 4 , Neewer , Neewer Batteriegriff Akkugriff Battery Grip für Nikon DSLR-Kamera D40/D40x/D60/D3000 kompatibel mit EN-EL9/EN-EL9A lithium Batterien
https://www.amazon.de/dp/B00HVW4CZ4 , B00HVW4CZ4 , 2.7 , 2 , Photoprimus , Photoprimus® Markenersatzakku für Sony BX1 - 1350mAh - 3.6V - mit Infochip (stärker als das Original!) Passend zu: Sony CyberShot DSC-RX1， RX100 IV， DSC-HX300， WX350， HX400， H400， HX60， FDR-X3000， CX405， PJ410
https://www.amazon.de/dp/B00300TKUI , B00300TKUI , 2.6 , 13 , PolarCell , PolarCell Akku Ni-MH Mignon/AA (HR6/KR6/LR6/R6/L6) 2850mAh (4Stk. im Blister)
https://www.amazon.de/dp/B07GWT25R5 , B07GWT25R5 , 2.5 , 2 , GeKLok , GeKLok 15000 mAh Solar-Ladegerät Powerbank Tragbares Handy-Ladegerät Externer Akku Ladegerät mit Dual USB
https://www.amazon.de/dp/B00NGOF6N8 , B00NGOF6N8 , 2 , 1 , dercomputerladen , Office PC AMD， FX-4300 4x3.8 GHz， 8GB DDR3， 1TB HDD， GT710 1GB， Windows 7 Büro Computer zusammengestellt in Deutschland Desktop Rechner
https://www.amazon.de/dp/B074YYWBGY , B074YYWBGY , 2 , 1 , Markenfolie von EUC , 3 x Displayschutzfolie matt/entspiegelnd für LG X Power 2
https://www.amazon.de/dp/B06XPHF4NS , B06XPHF4NS , 2 , 1 , MP-Cologne , Tablet Tasche für Acer Iconia Talk 7 (B1-733) 7" Schutz Hülle Etui mit Standfunktion + Touch Pen - 7 Zoll Paris 360°
https://www.amazon.de/dp/B01MA4X9J5 , B01MA4X9J5 , 1.7 , 2 , Gazechimp , Generic Rtl2832u + R820t USB 2.0 DVB-T Digital Sdr + Dab + Fm HDTV Fernsehtuner-Empfänger Weiß
https://www.amazon.de/dp/B00ESJBPN0 , B00ESJBPN0 , 1 , 1 , GenuineCopies , Fernbedienung Für samsung AH59-02360A
https://www.amazon.de/dp/B01L1TMHZY , B01L1TMHZY , 1 , 1 , Gazechimp , Gazechimp LM393 Ton Detektormodul Schallsensor Detector Voice Sensor Tester Module für Arduino
https://www.amazon.de/dp/B07DD78Q8M , B07DD78Q8M ,  ,  , BUBM , BUBM Elektronisches Zubehör Organizer Case， Elektronikzubehör Aufbewahrungstasche für Powerbank， Festplatte， USB Sticks， Kabel (Klein， Rosa)
https://www.amazon.de/dp/B01J6EYOU2 , B01J6EYOU2 ,  ,  , Markenfolie von EUC , 3 x Displayschutzfolie matt/entspiegelnd für Phicomm Energy 2
https://www.amazon.de/dp/B00JAQQAOK , B00JAQQAOK ,  ,  , CAT B100 von Caterpillar , 3 x Displayschutzfolie klar/wie unsichtbar für CAT B100 von Caterpillar
https://www.amazon.de/dp/B01EP3T83W , B01EP3T83W ,  ,  , Markenfolie von EUC , 5 x Schutzfolie Frontscheibe klar/wie unsichtbar für Rollei Actioncam 410
https://www.amazon.de/dp/B01N6PIFSN , B01N6PIFSN ,  ,  , Samsung , Samsung Galaxy A3 (2017) (Black) (Origin EU)
https://www.amazon.de/dp/B0055ZQ5UO , B0055ZQ5UO ,  ,  , Microsoft , Nokia 6151 – Handy Freien
https://www.amazon.de/dp/B07KW4VS64 , B07KW4VS64 ,  ,  , FGHJNXRFJN , FGHJNXRFJN Wiederaufladbare BluetoothTastatur für die drahtlose Tastatur mit Touch Panel für iOS für Android für Windows
https://www.amazon.de/dp/B072Q8Z6VS , B072Q8Z6VS ,  ,  , Hitachi , HITACHI 32HB4T41 81 cm Smart High Definition LED TV
https://www.amazon.de/dp/B07H1BSLX7 , B07H1BSLX7 ,  ,  , Moliies , A9 DV Wasserdichte Sport Kamera 1080 P Full HD Reiten Luft Action Kamera Tauchen Mini Digital Videokamera Camcorder
https://www.amazon.de/dp/B07L4N9YJJ , B07L4N9YJJ ,  ,  , JINWEI , JINWEI 15，6-Zoll-High-Definition-Digital-Foto-Frame 1080P digitales Foto-Frame-Display， 1920 * 1080 HD-Auflösung mit Fernbedienung，White
https://www.amazon.de/dp/B07L2ZKDP5 , B07L2ZKDP5 ,  ,  , HAO , HAO Digitaler Fotorahmen HD Digitaler Fotorahmen Ultradünnes Werbungs-Maschine Multifunktionales elektronisches Fotoalbum 13 Zoll DE (Farbe : SCHWARZ)
https://www.amazon.de/dp/B07L2ZHFH6 , B07L2ZHFH6 ,  ,  , HAO , Digital Photo Frame Display Stand Fotoalbum HD IPS Bildschirm HDMI Schnittstelle Play Film Musik Slide E-Buch Uhr 12 Zoll DE (Farbe : Weiß)
https://www.amazon.de/dp/B07L5GZ83T , B07L5GZ83T ,  ,  , Zhankun , Tragbare MT-02 360 Grad SLR Kamera Stativkopf 28mm Ball Handy Halterung Aluminiumlegierung Mini 1/4"Schraube Panorama Kit - Rot
https://www.amazon.de/dp/B07J4M7NVQ , B07J4M7NVQ ,  ,  , Amabubblezing , Amabubblezing 40m Tauchen füllen Licht amphibisch mit Auftrieb Arm Unterwasser Fotografie Gopro Kleine Ameise Handheld wasserdicht Licht (Color : Black)
https://www.amazon.de/dp/B07GS16VR8 , B07GS16VR8 ,  ,  , ToGames , ZOMEI Kamera Foto/Video Äußere 240 Stücke LED SMD Ring Licht Ring Video Licht + 50 cm Faltbare Ständer Set EU Stecker
https://www.amazon.de/dp/B07FC9RZXV , B07FC9RZXV ,  ,  , Productos neutros , 5MP 10MP 35mm Tragbare SD-Karte Film scannen Photo Scanner Negative Film Dia Viewer Scanner USB MSDC Film Monochrome Slide EC718
https://www.amazon.de/dp/B0759D5X68 , B0759D5X68 ,  ,  , YPS , Smartphone-Schutzhülle， Klapphülle， mit Motiv Retro-Camping-Van – Berühmter Surfing-Van Samsung Galaxy S4 Mini
https://www.amazon.de/dp/B075Q17QSY , B075Q17QSY ,  ,  , YPS , Umwerfende Tiger – Jungle Cat – Flip Case Wallet Cover Samsung Galaxy S4 Mini
https://www.amazon.de/dp/B075MDTBTW , B075MDTBTW ,  ,  , YPS , WE 'RE ALL MAD HERE – Smiley Face – Flip Case Wallet Cover Samsung Galaxy S3
https://www.amazon.de/dp/B075J34ZMR , B075J34ZMR ,  ,  , YPS , Handy-Fliphülle mit der Aufschrift „Aye Phone“ und der schottischen Flagge， lustiger Schottland-Witz Nokia Lumia 640
https://www.amazon.de/dp/B0759S6PKP , B0759S6PKP ,  ,  , YPS , Platine – Flip Case Cover Samsung A5 (2017)
https://www.amazon.de/dp/B076B2HPTW , B076B2HPTW ,  ,  , YPS , Schutzhülle/Klappetui für Handys， Motiv Eisream Cat Samsung A5 (2017)
https://www.amazon.de/dp/B075ZX54XX , B075ZX54XX ,  ,  , YPS , Klappetui für Handys， mit Kartenfächern， Motiv Shh I'm On The Phone Apple iPhone 6/6S
https://www.amazon.de/dp/B075ZX4YLG , B075ZX4YLG ,  ,  , YPS , Klappetui für Handys， mit Kartenfächern， Motiv Shh I'm On The Phone Google Nexus 5X
https://www.amazon.de/dp/B07G37SM5M , B07G37SM5M ,  ,  , SOPOUITRO , SOPOUITRO Gut 360-Grad-Schutz-Handy-Set Anti-Drop-Hard-Shell für iphone6plus (Farbe : Silver， Größe : 15.8X7.8X0.7cm)
https://www.amazon.de/dp/B07G1XFZKB , B07G1XFZKB ,  ,  , SOPOUITRO , SOPOUITRO Gut Cartoon Grünpflanze Blatt Telefon Fall Anti-Rutsch-Telefon-Abdeckung mit Ständer für iPhone 7P / 8P
https://www.amazon.de/dp/B075TJT2FD , B075TJT2FD ,  ,  , YPS , Alkohol Photoshop Witz – Flip Case Wallet Cover Samsung Galaxy S4
https://www.amazon.de/dp/B075ZVL67V , B075ZVL67V ,  ,  , YPS , Albert Einstein Äpfel Zitat – Flip Case Wallet Cover Samsung A3 (2015)
https://www.amazon.de/dp/B0762W1T9Q , B0762W1T9Q ,  ,  , YPS , Das Leben ist zu Kurz – Life Zitat – Flip Case Wallet Cover Card Holder Samsung J3 (2016)
https://www.amazon.de/dp/B01MCZJGSY , B01MCZJGSY ,  ,  , travSIM , travSIM Skandinavien (Dänemark， Finnland， Island， Norwegen & Schweden) Daten SIM Karte + 3 GB Datenvolumen für 30 Tage
https://www.amazon.de/dp/B077QDLLH9 , B077QDLLH9 ,  ,  , travSIM , travSIM Bolivien Daten SIM Karte + 750 MB Datenvolumen für 30 Tage
https://www.amazon.de/dp/B01M7M83GU , B01M7M83GU ,  ,  , Markenfolie von EUC , 3 x Displayschutzfolie klar/wie unsichtbar für Lenovo Tab3 - 710F
https://www.amazon.de/dp/B07JLLDS8F , B07JLLDS8F ,  ,  , Moliies , H02 Modische Portable Design GPS Tracker Locator Echtzeit Auto Anti-Theft Tracking Device Track Gerät Schwarz
https://www.amazon.de/dp/B000MZHQ82 , B000MZHQ82 ,  ,  , Alinco , Alinco EMS-57 DTMF-Mikrofon für DR-135/635/DR-B185
https://www.amazon.de/dp/B07543C8YC , B07543C8YC ,  ,  , EMMEA , Handy-Cover-Smartphone GPS für Motorrad Scooter ATV Fahrräder mit Sockel Rohr zum Lenker Bimota bis 5 Zoll
https://www.amazon.de/dp/B00FYV8YI0 , B00FYV8YI0 ,  ,  , Xerox , Xerox 006R03008 Tonerkartusche und Laser
https://www.amazon.de/dp/B07C235W9K , B07C235W9K ,  ,  , GIMTVTION , gimtvtion mtk6580 BDF 25，4 cm Tablet Android 6.0， Quad Core 1，3 GHz，， + 5，0 MP Dual Kamera， Bluetooth 4.0， 2 + 16GB， WiFi， GMS， entriegelt Dual Sim GSM/WCDMA， 2G/3G Phone Call Phablet weiß weiß
https://www.amazon.de/dp/B078WP643K , B078WP643K ,  ,  , Tiptiper , Hongfei 7 Zoll Tablet Android 4.4， 3G Dual SIM Telefonieren， 1GB+8GB Quad Core， IPS 1024x600， Dual Kamera， WiFi Bluetooth OTG， Google Play Store ， 3D-Spiele， Gold
https://www.amazon.de/dp/B077VRZGXL , B077VRZGXL ,  ,  , Gazechimp , Gazechimp Aluminiumlegierung Gürtel 3D-Druckeraufbau 20T GT2 Zahnriemen Synchronriemen - 16mm
https://www.amazon.de/dp/B07HJ4S431 , B07HJ4S431 ,  ,  , COMPRO PC , COMPRO PC Audio Speaker DESTRA DX für Apple MacBook Air A1465 Mid 2012 11" 609-0296
https://www.amazon.de/dp/B07GBVHMJ7 , B07GBVHMJ7 ,  ,  , Electroplating Retro Faucet , Telefon Retro Telefon Telefon Schnurgebundenamerikanisches Idyllisches Haupttelefon， Europäisches Telefon， Antikes Telefon， Drahtlose Karte， Kreatives Retro- Telefon， Edl
https://www.amazon.de/dp/B07G57ZQ7W , B07G57ZQ7W ,  ,  , Electroplating Retro Faucet , Antikes Telefon， Antikes Drehtelefon， Retro- Haupttelefon， Kreatives Telefon， idyllische Antike Antike
https://www.amazon.de/dp/B075NKMV1Q , B075NKMV1Q ,  ,  , Tocoss , Tocoss(TM) F¨¹r iPhone X Fall voll sch¨¹tzende Ultra-d¨¹nne weiche TPU harte Acryl-r¨¹ckseitiger Abdeckung Transparent-Telefon-Beutel-Kasten f¨¹r iPhone X [Rosa]
https://www.amazon.de/dp/B07GFBMH26 , B07GFBMH26 ,  ,  , SeniorMar , SeniorMar 12-24 V Auto FM/AM Stereo Radio Inline Antenne Booster Signal Amp Verst?rker Weibliche und M?Nnliche 280mm L?nge
https://www.amazon.de/dp/B07KYLP8V3 , B07KYLP8V3 ,  ,  , fdhfghjghu tyrui , fdhfghjghu tyrui 1，8-Zoll-Bildschirm MP4-Player Eingebauter 8-GB-Speicher Video Raido FM Music Player
https://www.amazon.de/dp/B07KKB1V54 , B07KKB1V54 ,  ,  , Moliies , 1，8-Zoll-Bildschirm 32 GB Metal MP4-Player Video Raido FM-Player Sprachrecorder
https://www.amazon.de/dp/B01LDCTVNK , B01LDCTVNK ,  ,  , Generic , 32GB Mp3 und WMA USB-Musik-Player mit FM Tuner Recorder Radio Diktiergerät LCD Display - Silber
https://www.amazon.de/dp/B07H52RHL8 , B07H52RHL8 ,  ,  , Detectoy , Detectoy UC28B + Home Projektor Mini Miniatur Tragbare 1080 P HD Projektion Mini LED Projektor FÃ¼r Heimkino Unterhaltung
https://www.amazon.de/dp/B0171BZMJ4 , B0171BZMJ4 ,  ,  , Telefunken , TELEFUNKEN t-sah801tv Antenne TNT für TV silber
https://www.amazon.de/dp/B07H34RKFF , B07H34RKFF ,  ,  , Ironheel , 10 Grids Watch Box， hölzerne Uhr Schmuck Anzeige Collection Aufbewahrungskoffer Watch Organizer Box mit Kissenhalter， für Uhren & Schmuck
https://www.amazon.de/dp/B07K22PCZK , B07K22PCZK ,  ,  , Halvorsen , 4000-8000MAH Large Capacity Dual USB Power Bank LED Display Portable External Battery Charger Supply for Smartphones
https://www.amazon.de/dp/B07J2G4CPB , B07J2G4CPB ,  ,  , Moliies , YG300 Professionelle Mini Projektor Full HD1080P Heimkino LED Projektor LCD Video Media Player Projektor Gelb & Weiß
https://www.amazon.de/dp/B07HB8WB8D , B07HB8WB8D ,  ,  , Universal , UC18 150 Lumen HD 320 x 180 Projektor Digital LED mit Fernbedienung Unterstützung USB / SD / VGA / HDMI Schwarz
https://www.amazon.de/dp/B00GIK15AA , B00GIK15AA ,  ,  , XCell , Blei-Akku 12 Volt 7 Ah
https://www.amazon.de/dp/B07KVPXT2P , B07KVPXT2P ,  ,  , Hauggen1 , Akku-Kit für die Netgear Arlo Überwachungskamera - 20 Akkus
https://www.amazon.de/dp/B076N5F2QQ , B076N5F2QQ ,  ,  , Eurosell , Eurosell - Premium Unterbau PC Computer Tower Halter Halterung Ständer - Unter Tisch Montage zb für Büro Schreibtisch Multimedia Gamer - Ausziehbar Drehbar
https://www.amazon.de/dp/B078WGQPTB , B078WGQPTB ,  ,  , Sonnenschein， Tadiran , Tadiran TLH-2450/P Batterie TLH-2450/P 3，6 Volt 550mAh mit Printstecker
https://www.amazon.de/dp/B07J9Z24XC , B07J9Z24XC ,  ,  , Moliies , 5 V Micro USB 1A 18650 Lithium-Batterie Ladebordlader Modul Mit Schutz Ladegerät Modul
https://www.amazon.de/dp/B07HD4QQXD , B07HD4QQXD ,  ,  , Momorain , 4 x 2300mAh 16340 Lithium-Ionen-Akku für Taschenlampe + Ladegerät
https://www.amazon.de/dp/B00DQRBFL2 , B00DQRBFL2 ,  ,  , Tecxus , 2x 24 Stück Tecxus Batterie Alkali Micro AAA
https://www.amazon.de/dp/B07KXNT2RN , B07KXNT2RN ,  ,  , REFURBISHHOUSE , REFURBISHHOUSE Zeitanzeige， Status， 12 V und 24 V， numerische Batterie， Ladeanzeige， Monitor， Zähler， Schwarz
https://www.amazon.de/dp/B07LBKV5J1 , B07LBKV5J1 ,  ,  , Bloomgreen Co. , Bloomgreen Co. 5 StÃ¼ck 15cm Leads T Typ Soft Shell 9V 9 Volt Batterie-Clip-Anschluss
https://www.amazon.de/dp/B07G7BRTP9 , B07G7BRTP9 ,  ,  , Momorain , Dauerhafter praktischer Auto-Ladegerät-DC-Konverter-Modul 12V zu 5V 3A 15W USB-Ausgangsleistungs-Adapter mit USB-Montageloch (Farbe: Schwarzes)
https://www.amazon.de/dp/B07KF5SWPZ , B07KF5SWPZ ,  ,  , Monrodbitt , Monrodbitt Kleine GrÃ¶ÃŸe 8 Ports USB 2.0 Externe KVM Switch Box Manuelle Switcher UnterstÃ¼Tzung fÃ¼r 1920x1440 VGA Splitter Adapter
https://www.amazon.de/dp/B07L2Z53J3 , B07L2Z53J3 ,  ,  , QWER , QWER USB C Hub 5 In 1 Aluminium Mit 3 USB 3.0 AnschlüSsen 1 SD Speicheranschluss 1 TF Anschluss FüR MacBook Pro 2017/2016 Huawei MateBook Google Chromebook Pixel Und Mehr，Gray
https://www.amazon.de/dp/B07KCCL49L , B07KCCL49L ,  ,  , Detectoy , Detectoy 8 in 1 USB Typ C HUB Typ C zu HDMI VGA Videokonverter RJ45 Ethernet Kartenleser 3，5 mm Audio PD Ladeadapter
https://www.amazon.de/dp/B01EN46WM8 , B01EN46WM8 ,  ,  , banjado , banjado screencover - Abdeckung für Ihren Fernseher， Alle Zollgrößen möglich， Material Hartschaum Schwarz， mit Motiv Rote Qualle， Größe:24'' TV (65cm x 42cm)
https://www.amazon.de/dp/B01B2QLE7S , B01B2QLE7S ,  ,  , Unbekannt30509 , Mobilotec Akku kompatibel mit Symbol MC9090/ 2.200 mAh Ersatzakku Batterie
https://www.amazon.de/dp/B01B1LJ0Z2 , B01B1LJ0Z2 ,  ,  , Unbekannt21667 , Mobilotec Akku kompatibel mit METROLOGIC MS9535BT/ 1.400 mAh Ersatzakku Batterie
https://www.amazon.de/dp/B0779CSTWK , B0779CSTWK ,  ,  , Gazechimp , Gazechimp Micro HDMI zu HDMI Buchse Kabel Stecker HDMI Typ A Adapter Kabelanschluss
https://www.amazon.de/dp/B07HHM4YKN , B07HHM4YKN ,  ,  , Vision , VISION-730S 5，8GHz 40CH Drahtlose Brille FPV 98 Zoll Private Virtual Theatre Monokular Video Glasses Display mit 8 GB Speicher， Unterstützung 1080P Video & Musik und Picture & E-book & TF Card & HDMI-In Play
https://www.amazon.de/dp/B07KX2HDLH , B07KX2HDLH ,  ,  , fgjfghsdhsdfh , USB 3.1 Typ C USB-C Dual 2 Port Hub Adapter für PC Laptop-Tablet MacBook，
https://www.amazon.de/dp/B07KT65FRF , B07KT65FRF ,  ,  , Nowakk , Nowakk LAN-Ethernet-Relaiskarte， Verzögerungsschalter， TCP/UDP-Controller-Modul， Web-Server， Elektronik-Kit-Platine
https://www.amazon.de/dp/B073PDLGWG , B073PDLGWG ,  ,  , DURAGADGET , DURAGADGET Für Muse M-1095 + M-990 | Zennox| Qilive Q.1023 + Q.1205 | 9.8" Buyee | AEG CTV 4959 | Akai Tragbare DVD-Player: mehrfacher Verteiler-Splitter in Grün Mit 3，5 mm Klinkenstecker
https://www.amazon.de/dp/B07LBLJCHT , B07LBLJCHT ,  ,  , Bloomgreen Co. , Bloomgreen Co. nagelneue 3，5-mm-Audio-Buchse zu KopfhÃ¶rer-Mikrofon U Splitter Konverter-Adapter-WeiÃŸ
https://www.amazon.de/dp/B076FB1QF7 , B076FB1QF7 ,  ,  , JRLinco , JRLinco Für Samsung Galaxy Grand Prime Plus G531 SM-G531 Glas Bildschirm Display Touchscreen Ersatzteil (ohne LCD Display) Für Schwarz + Werkzeuge & doppelseitigen Kleber + Alkohol Reiniger Paket
https://www.amazon.de/dp/B00U2F26S2 , B00U2F26S2 ,  ,  , norrun , Norrun Handytasche / Handyhülle # Modell Sten # ersetzt die Handy-Tasche von Hersteller / Modell Apple iPhone 4S # maßgeschneidert # mit einseitig eingenähtem Strahlenschutz gegen Elektro-Smog # Mikrofasereinlage # Made in Germany
https://www.amazon.de/dp/B07KFDFVVW , B07KFDFVVW ,  ,  , LINYANMY , LINYANMY Bildschirm-Verstärker des Handy-3D HD 8 Zoll Smartphone-Vergrößerungsglas mit faltbarem Stand-Halter für Hauptvideoprojektion
https://www.amazon.de/dp/B07KT5TFXH , B07KT5TFXH ,  ,  , PaperllongDE , PaperllongDE A6 Drahtloser Bluetooth-Handheld Selfie-Stick 360 Grad-LED-Licht-Selbstauslöser
https://www.amazon.de/dp/B07KM15VBS , B07KM15VBS ,  ,  , Detectoy , Detectoy MATEM1 37MM 4 In 1 Handys Filterobjektiv Universal Clip Handyfilter Weitwinkelobjektiv Kameraobjektivsatz für iPhone
https://www.amazon.de/dp/B07HK5JVVP , B07HK5JVVP ,  ,  , Ironheel , 3 in 1 Weitwinkel Makro Fisheye ObjektivKameraHandyObjektivTeile für iPhone und Android Phones
https://www.amazon.de/dp/B01HEJV0US , B01HEJV0US ,  ,  , Alxcio , alxcio Universal 4 in 1 Wechselrahmen Kamera Telefon Lens Kit Fischaugenobjektiv + 0，4 X Weitwinkel Objektiv + 15 x Macro Objektiv + LED Nacht Verwendung Selfie Verbesserung dimmbar Handy Kamera Flash Light Füllen Licht für iPhone 6S Plus Samsung Galaxy S7 Edge， Sony， Huawei， HTC， Blackberry， LG， iPad， andere Smartphones und Tablets
https://www.amazon.de/dp/B07HLN5PRC , B07HLN5PRC ,  ,  , Case Me Up , iPhone X XS 3D Phone Smartphone Case Handy Hülle Batman Bruce Wayne Superhero Justice League 16 Designs
https://www.amazon.de/dp/B07JDW52LR , B07JDW52LR ,  ,  , TronicXL , TronicXL Winkelstecker Schukokabel Stromkabel Kaltgerätekabel Netzkabel 10m 10 Meter Computer Pc Winkel
https://www.amazon.de/dp/B07DJD4MNP , B07DJD4MNP ,  ,  , KALLE DAS KABEL , Verlängerungskabel KALLE Aquasafe CEE EXTREME IP67 mit 3-fach-Kupplung 5 Meter
https://www.amazon.de/dp/B077K1ZBYQ , B077K1ZBYQ ,  ,  , Gazechimp , Gazechimp 3.5mm Stecker Ersatz Audio Upgrade Kabel Kopfhörer Reparatur geflochten Draht - Lila
https://www.amazon.de/dp/B0738NMDDC , B0738NMDDC ,  ,  , ENECEN , ENECEN 1221210 Verlängerungskabel 230V/16A IP68 AT-N07V3V3-F 3x2，5 mm² mit MENNEKES ST/KU bronzegrün TM druckwasserdicht 10m
https://www.amazon.de/dp/B07L4PNQK7 , B07L4PNQK7 ,  ,  , FGHJSZXDETGYHFGH , Professionelle tragbare Ladegerät AC-Adapter Netzteil Schwarze Schnur Carregador-Ladegerät AC-Adapter für PSP (Farbe: 0)
https://www.amazon.de/dp/B000LQG8FY , B000LQG8FY ,  ,  , Imation , 5er-Pack TDK LTO3 400/800GB TAPE Warenkorb
https://www.amazon.de/dp/B00D5QBD8Y , B00D5QBD8Y ,  ,  , Sony , Ersatzteil: Sony Express Card CONN (S)， A1776782A
https://www.amazon.de/dp/B07JJWVN16 , B07JJWVN16 ,  ,  , Moliies , Moliies Wasserdichte Dropproof Durable ABS Secure Digital Speicherkarte Trolley Geformte Fall Aufbewahrungsbox Halter mit 24 Slots
https://www.amazon.de/dp/B07KTW5TCR , B07KTW5TCR ,  ,  , BTC , BTC PCI Express 1X zu 16X Riser Card PCIE 1X zu 16X Suit mit 60 cm USB 3.0 VerlÃ¤ngerungskabel fÃ¼r Miner Machine
https://www.amazon.de/dp/B00W89NMA6 , B00W89NMA6 ,  ,  , Keple , Keple 3-in-1 | 8GB MicroSDHC SD Speicherkarte + SD Adapter + PRO-Duo Adapter | Sony Nex Series NEX-5NY Digitalkamera
https://www.amazon.de/dp/B01NBNF0RW , B01NBNF0RW ,  ,  , Generic , Generic Wasserdichter Arm Band Schwimmendes Tragegurt für GoPro Kamera， Unterwasser Foto - Gelb
https://www.amazon.de/dp/B07F93J3SN , B07F93J3SN ,  ,  , blitz versand germany , blitz versand germany One Piece Schutz Hülle Transparent TPU Cartoon M13 iPhone X
https://www.amazon.de/dp/B0014JPJ34 , B0014JPJ34 ,  ,  , Sony , Sony LCS-TWG/L Kameratasche türkis
https://www.amazon.de/dp/B077B7GF9D , B077B7GF9D ,  ,  , blitz-versand-germany , Blitz® RAVE Schutz Hülle Transparent TPU Cartoon SAMSUNG Galaxy zwei Hühner M16 A3 2017
https://www.amazon.de/dp/B076N3SP87 , B076N3SP87 ,  ,  , blitz-versand-germany , Blitz® PLAY Schutz Hülle Transparent TPU Cartoon SAMSUNG Galaxy Eisbär im Eismeer M11 J5 2017
https://www.amazon.de/dp/B01KVXN840 , B01KVXN840 ,  ,  , ADAALEN , ADAALEN 10pcs Fashion Edelstahl Dual SchlÃ¼sselanhÃ¤nger Ring SchlÃ¼sselanhÃ¤nger Silber
https://www.amazon.de/dp/B07GPQBZCS , B07GPQBZCS ,  ,  , Green Cell PRO , Green Cell BM46 Handy Akku für Xiaomi Redmi Note 3 (Li-Polymer Zellen 3900mAh 3.8V)
https://www.amazon.de/dp/B07L98LN9H , B07L98LN9H ,  ,  , fbfgjtyjyfgjf , fbfgjtyjyfgjf Auto Sicherheitssystem Alarm Wegfahrsperre Zentralverriegelung + Stoßsensor + 2 Fernbedienung (schwarz) Kupferdraht
https://www.amazon.de/dp/B078M7MJ6F , B078M7MJ6F ,  ,  , STTMALL , Samsung Galaxy A9 Gehäuse， 2 In 1 Armour Tough Style Hybrid Dual Layer Armor Defender PC Harte Fälle Mit Standfuß Shockproof Fall Für Samsung Galaxy A9 (Color : Blue， Size : A9)
https://www.amazon.de/dp/B07K2V9G93 , B07K2V9G93 ,  ,  , jingyuu , jingyuu 1 Stück Süß Tier PVC Telefon Kabel Schützt Kabelschutz Animals Kabel Kabelschutz Kabelschutz iPhone USB Kabelschutz Protector für Home-Office-Schreibtisch
https://www.amazon.de/dp/B07B8N4TLW , B07B8N4TLW ,  ,  , LHZTECH , LHZTECH PDC Einparkhilfe 9261612 0263013509
https://www.amazon.de/dp/B07B9Z72KK , B07B9Z72KK ,  ,  , GUDUO , GUDUO kompatibel Handy Ständer， Aluminium Multi-Winkel-Desktop Handy-Halter Cradle， Dock， Ständer für iPhone 6 / 6s / 6 Plus / 6 s Plus / 7/7 Plus / 8/8 Plus/X & alle Android Smartphone-Schwarz
https://www.amazon.de/dp/B07F2FCFH1 , B07F2FCFH1 ,  ,  , fiveschoice , fiveschoice 2 Pack Universal Handy Bike Mount Adapter Halter Aufkleber Code Tisch Handy Paste für Road Bike Mountain Bike
https://www.amazon.de/dp/B01MCUEJYF , B01MCUEJYF ,  ,  , STENES , iPhone 6/6S Plus (5.5") Hülle， STENES Strass [3D Handgefertigt] Diamant Serie Bling Schutz Handy Tasche Kristall klar Hülle mit Retro Anti Staub Stecker - Hübsche Rosen Kristall Camellia Krone Bogen / Schwarz
https://www.amazon.de/dp/B07KJB2MG2 , B07KJB2MG2 ,  ,  , Moliies , Mini 360 Grad Einstellbare Motorrad Motorrad Roller Rückspiegel Wasserdichte Telefon Fall Halterung für 4-4，8 Zoll Telefon
https://www.amazon.de/dp/B07JVNFQF8 , B07JVNFQF8 ,  ,  , Moliies , Multifunktionale Bike Mount Universal Handy Fahrrad Rack Lenker Motorrad Halter Cradle Fahrrad Reiten Ausrüstung
https://www.amazon.de/dp/B01N2M9H8V , B01N2M9H8V ,  ,  , Eurosell , Eurosell - High-End Einbau Breitbandlautsprecher FR 13 13cm (5") 4Ohm Full Range Breitband Lautsprecher
https://www.amazon.de/dp/B07KK9T2B3 , B07KK9T2B3 ,  ,  , OCJEDEEE , OCJEDEEE Aktualisierte Mini-TV-Box， 2G / 5G 4K HD WiFi Media Player - Android 7.1 Smart-TV-Box
https://www.amazon.de/dp/B01N33PBJP , B01N33PBJP ,  ,  , Gazechimp , Gazechimp EasyDriver Shield stepping Stepper Motor Driver Schrittmotor Für Arduino
https://www.amazon.de/dp/B01LD1NOK2 , B01LD1NOK2 ,  ,  , Gazechimp , Gazechimp TB6600 4.5A CNC-Einachs-Schrittmotor Treiber Controller Modul DC10V-45V Für 4.2A 42，57，86 innerhalb der Zwei-Phasen / Vier-Phasen / Vierdraht / Sechsleiter-Schrittmotor
https://www.amazon.de/dp/B073JSGH9Y , B073JSGH9Y ,  ,  , Unbekannt , Trevi 0t102002 Platin Vinyl rot
https://www.amazon.de/dp/B07K5WMSW7 , B07K5WMSW7 ,  ,  , Monrodbitt , 2 PIN Mic PTT verdeckte akustische Rohr In-Ear-Ohrhörer für Kenwood Baofeng uv 5r 888s Walkie Talkie C2275A Kopfhörer Headset
https://www.amazon.de/dp/B076PRJ3MR , B076PRJ3MR ,  ,  , Gazechimp , Gazechimp 3.5mm G-Form Ohrhaken Ohrhörer Kopfhörer Headset Walkie Talkie für Yaesu Vertex
https://www.amazon.de/dp/B075LMD31T , B075LMD31T ,  ,  , Gazechimp , Gazechimp 2 Polig G-form Funkgeräte Ohrhörer dual PTT Mikrofon für Baofeng UV-82， UV-82L， UV-89- Schwarz
https://www.amazon.de/dp/B075LFQL7M , B075LFQL7M ,  ,  , Gazechimp , Gazechimp 2-Pin Kopfhörer mit einseitig Ohrhörer G-form mit PTT für Kenwood - Schwarz
https://www.amazon.de/dp/B00ENZUSTG , B00ENZUSTG ,  ,  , LG Electronics , Originale Fernbedienung für LG 26LC45AEU
https://www.amazon.de/dp/B00ENZTVF8 , B00ENZTVF8 ,  ,  , Toshiba , Originale Fernbedienung für TOSHIBA 40LV733F
https://www.amazon.de/dp/B00BHG1QH2 , B00BHG1QH2 ,  ,  , Samsung , Originale Fernbedienung für SAMSUNG UE37C5100QWXXN
https://www.amazon.de/dp/B0791GGXZG , B0791GGXZG ,  ,  , Mobilotec , Mobilotec Akku kompatibel mit BECKER ACTIVE 50Navi Navigation Auto Batterie Akku
https://www.amazon.de/dp/B07HRNC71Y , B07HRNC71Y ,  ,  , forestwood , Auto Halterung Handyhalterung Auto Magnet Universal Smartphone Halterung 360 Grad Drehbare Handy Mount Aluminium Armaturenbrett / Luftauslass Full Metal + Soft-Silikon Interne 2 Stück Auto Eisen
https://www.amazon.de/dp/B00W7D1FQQ , B00W7D1FQQ ,  ,  , Keple , Keple | Einziebar USB Kabel Kompatibel mit Garmin NUVI 2300LT Datenkabel Ladekabel (Mini-USB， 0.8M)
https://www.amazon.de/dp/B07K2WCR4P , B07K2WCR4P ,  ,  , Sanzhileg , Nützliche Hartschalenkoffer Abdeckung 6 Im Auto Sat NAV Halter Für GPS Tomtom Start Garmin 2015 Heißer #
https://www.amazon.de/dp/B07JB8ZJ2B , B07JB8ZJ2B ,  ,  , Lan , Magnetisches Anziehungskraft Auto Ladegerät drahtloses Ladegerät für iPhone X， 8/8 Plus， Samsungs Galaxie S9 / S9 Plus / S8 / S8 Plus
https://www.amazon.de/dp/B07HYSPVG1 , B07HYSPVG1 ,  ,  , Moliies , X8 Wireless Car Charger Handy Ladebecher Halter Schnelle Lade Unterstützung für Qi Ladegerät für iPhone für Samsung
https://www.amazon.de/dp/B0746KMVP3 , B0746KMVP3 ,  ,  , Gazechimp , Gazechimp 2 Stk. USB Ladekabel mit Docking Ladegerät Dockingstation für TomTom Runner 3 Uhr
https://www.amazon.de/dp/B07LB66M5F , B07LB66M5F ,  ,  , Bloomgreen Co. , Bloomgreen Co. 10Pcs TTP223 Capacitive Touch-Schalter Taste Self-Lock Modul Pip ESCA HICA
https://www.amazon.de/dp/B07K9LJZT1 , B07K9LJZT1 ,  ,  , Contifan , 6-35V zu 1-35V DC/DC Buck/Boost Ladegerät Stromrichter Modul mit Aluminium
https://www.amazon.de/dp/B076KS1STR , B076KS1STR ,  ,  , Gazechimp , Gazechimp Lcd Display DPS5020 Stromversorgung Modul Power Supply Module
https://www.amazon.de/dp/B01L1TLJOO , B01L1TLJOO ,  ,  , Gazechimp , Gazechimp MP3 Format Audio Player U Disk TF Card Amplifier Decoder Board Module
https://www.amazon.de/dp/B0773PS6GK , B0773PS6GK ,  ,  , Gazechimp , Gazechimp Bluetooth Tracker Child Bag Wallet Key Pet Smart Finder GPS Locator Alarm Device - Rosa
https://www.amazon.de/dp/B07BTD99Y6 , B07BTD99Y6 ,  ,  , Relutional , Smart Armband Blutdruck Bluetooth Watch Armband mit Pulsmesser Armbänder Fitness Tracker für Android iOS Phone
https://www.amazon.de/dp/B0786KHHD5 , B0786KHHD5 ,  ,  , Gazechimp , Gazechimp 2，8 Zoll 240 x 320 TFT LCD Serielle Schnittstelle Port Touch Panel Farbe-Display Modul 5 V
https://www.amazon.de/dp/B01MRX4PKX , B01MRX4PKX ,  ,  , Unbekannt , Unbekannt 'Link lkcop1un Blindblende 1 Einheit für Verschluss Leerzeichen in Schränke Rack 19， Schwarz
https://www.amazon.de/dp/B01MRWM3EV , B01MRWM3EV ,  ,  , Gazechimp , Generic 2x APC Elektrische Propeller Rc Flugzeug Prop Stoßstangen Kit 11x7
https://www.amazon.de/dp/B01LN09OPW , B01LN09OPW ,  ,  , Generic , Generic 2 Paare 9450 9x5 Selbsthemmendes Carbon Propeller Stütze Für Dji Phantom 2 3Vision
https://www.amazon.de/dp/B07KFHTJYG , B07KFHTJYG ,  ,  , Momorain , Momorain EIN/AUS-Schalter 7 Port USB 2.0 Hochgeschwindigkeits-HUB-Sharing-Schalter für Laptop-PC (Farbe: schwarz) (Größe :)
https://www.amazon.de/dp/B07LFG2X3M , B07LFG2X3M ,  ,  , Tellaboull , Tellaboull for Orff World Cartoon Holz Handtrommel Schlagen Montessori Instrument mit DREI Ton Geschenk für Baby Kind Kind Anfänger SYG (S)
https://www.amazon.de/dp/B07LFFK93N , B07LFFK93N ,  ,  , Tellaboull , Tellaboull for Full HD 1080P DV Mini Wasserdichte Sport Kamera Bike Helm Action DVR Video-Cam 120 Grad Weitwinkel F9 Schwarz
https://www.amazon.de/dp/B07HSV52YC , B07HSV52YC ,  ,  , Boomder , Handy-Adapter USB3.0 zu SATA7 + 15pin Festplatte Easy Drive Line Línea de carga (Style : 20CM)
https://www.amazon.de/dp/B01BI6AW9I , B01BI6AW9I ,  ,  , Markenfolie von EUC , 3 x Displayschutzfolie matt/entspiegelnd für Sony Xperia C4
https://www.amazon.de/dp/B071GRXW8F , B071GRXW8F ,  ,  , OEM SYSTEMS , TARJETA DE RED PCI 3C905CX-TX-NM 10/100MBPS 3COM
https://www.amazon.de/dp/B076PV2DKB , B076PV2DKB ,  ,  , Gazechimp , Gazechimp T8 T-typ Messing Schraubenmutter Flansch T Schrauben Muttern - Gold 8mm
https://www.amazon.de/dp/B07KZ7R6SX , B07KZ7R6SX ,  ,  , IIfreesia , IIfreesia Super Angebote 1 Stück IR Infrarot Hindernisvermeidung Sensor Modul für Arduino Smart Car Robot Mini Größe Licht Gewicht (blau)
https://www.amazon.de/dp/B07K9ZX3FL , B07K9ZX3FL ,  ,  , vige , vige SIM808 Modul GSM GPRS GPS Entwicklungsboard IPX SMA mit GPS Antenne für Raspberry Pi STM32 51 MCU Unterstützung Stimme
https://www.amazon.de/dp/B004JPMDR0 , B004JPMDR0 ,  ,  , König , König CMP-SOUNDCAR21 5.1 PCI Soundkarte
https://www.amazon.de/dp/B07L6F29WQ , B07L6F29WQ ,  ,  , FGHJSZXDETGYHFGH , FGHJSZXDETGYHFGH Mini Größe ESP8266 Relaismodul 10A 220V Netzwerk Relais WiFi-Modul-Brett TVS Eingang Automatischer Schutz (Farbe: grün und blau)
https://www.amazon.de/dp/B00WN82JRY , B00WN82JRY ,  ,  , Cooltek , Jonsbo UMX1 Plus - Silver
https://www.amazon.de/dp/B00Z9TYO9A , B00Z9TYO9A ,  ,  , Eurosell , Eurosell - 6 Tasten Highend Gaming Gamer Maus Mouse beleuchtet PC Spiele MMO RPG BELEUCHTET Illuminated Spielemaus Gamingmaus Computer Spiel Kabel verkabelt Kabelmaus schwarz rot
https://www.amazon.de/dp/B07L25HKTQ , B07L25HKTQ ,  ,  , Arduino Zubehörteil , Arduino Zubehörteil Haushaltsnähmaschine Walking Quilten Nähfuß Füße
https://www.amazon.de/dp/B07KT5LQZK , B07KT5LQZK ,  ,  , ghjfgbvghjghk , B75-1155 Desktop Computer Mainboard Professional Motherboard CPU Interface LGA 1155 Durable Computer Accessories
https://www.amazon.de/dp/B07JHF6ZCK , B07JHF6ZCK ,  ,  , Universal , Universal 2 PCS 6.0V Netzteil AMS1117 von 12 V bis 5 V für Arduino
https://www.amazon.de/dp/B07J4G7BL2 , B07J4G7BL2 ,  ,  , Universal , Universal Magnetsensor-Modul Hall für Ardunio
https://www.amazon.de/dp/B07HNKC22Q , B07HNKC22Q ,  ,  , CHUYI , CHUYI Zeichen-Tablet Graffiti Zeichenplatte mit tragbarer Schreibfeder， 12 Zoll LCD-Display， CE/FCC/RoHS Zertifikat. weiß
https://www.amazon.de/dp/B07H1872M5 , B07H1872M5 ,  ,  , Moliies , Moliies Intelligente 2.4GHz Drahtlose Fliegen-MäuseFernsteuerungsminitastatur u. Touchpad Kombiniert für Android Fernsehkasten/PC / HTPC/IPTV Fernmaus
https://www.amazon.de/dp/B07HMTJ2XX , B07HMTJ2XX ,  ,  , Wuudi , Wuudi Optische Maus， kabellos， 2，4 G， USB， schnurlos， dünn， Bluetooth-Maus für Windows/Mac / Laptop， Plastik， Rose， Einheitsgröße
https://www.amazon.de/dp/B001UV6PNO , B001UV6PNO ,  ,  , Accuratus , Accuratus KYBAC260UP-BKAR USB + PS/2 QWERTY Arabisch， Englisch Schwarz Tastatur - Tastaturen (Standard， Verkabelt， USB + PS/2， QWERTY， Schwarz)
https://www.amazon.de/dp/B07L1NVBZ5 , B07L1NVBZ5 ,  ,  , EmNarsissus , EmNarsissus 47 Tasten Wireless 2，4G Praktische Mini Handheld Tastatur Gaming Nachricht Gamepad Tastatur Für Xbox ONE S Controller (Farbe: weiß)
https://www.amazon.de/dp/B07KXDGMYW , B07KXDGMYW ,  ,  , Moliies , Moliies Drahtlose Bluetooth Tastatur 9.7 Zoll Tablet Case für iPad Pro 9.7 für iPad Air2
https://www.amazon.de/dp/B01BA36C52 , B01BA36C52 ,  ,  , ADD ON , Addon Arista Netzwerke cab-q-s-50 cm zu Dell 332–1664 Kompatibel TAA konform 40 g
https://www.amazon.de/dp/B07J5GPTK3 , B07J5GPTK3 ,  ,  , Moliies , Moliies G9000 Über Ohr Gaming Headset 3，5 mm Spiel Kopfhörer Kopfhörer mit Mikrofon LED Licht für Laptop Tablet Handys Stirnband
https://www.amazon.de/dp/B07BWGQLYQ , B07BWGQLYQ ,  ,  , Feng-Bin , Die A860 480P High Definition Kamera ist mit einem 10 Meter Sound Absorption Mikrofon gebaut ( Farbe : Schwarz )
https://www.amazon.de/dp/B07KPFN54R , B07KPFN54R ,  ,  , Mazurr , Mazurr Wireless-Adapter PC-Empfänger für Microsoft Xbox ONE Arbeit für Windows 7/8.1/10
https://www.amazon.de/dp/B000NPGRGS , B000NPGRGS ,  ,  , AccuCell Neu , AccuCell Akku passend für Siemens CX65， 780mAh
https://www.amazon.de/dp/B07KB23T6S , B07KB23T6S ,  ,  ,  , OCDAY 14，8 V 1300 mAh 75C Lipo Batterie XT60 Stecker für 150-280 Raing Quacopter (Farbe: Rot)
https://www.amazon.de/dp/B071V77XDN , B071V77XDN ,  ,  , 121AV , Fernbedienung für Panasonic DMP-BDT165EB Smart 3D Blu-ray and DVD Player - Mit zwei 121AV AAA Batterien enthalten
https://www.amazon.de/dp/B07F6CXNZF , B07F6CXNZF ,  ,  , Biback , Biback Android TV Box 3G+16G Android 7.1 4K HD Network STB TV Box mit Stimme Fernbedienung
https://www.amazon.de/dp/B07KXMPC6P , B07KXMPC6P ,  ,  , Lâ Vestmon , Lâ Vestmon TV Box Android 7.1 Amlogic S905X 4k HD Quad-Core TV-Netzwerk Set-Top-Box TV-Box-Unterstützung H.265
https://www.amazon.de/dp/B07HHTCL2G , B07HHTCL2G ,  ,  , Detectoy , Detectoy Karikatur Wolf Kappe， Karikatur Tierart Wolf Hut Nette flaumige Kinderkappe weicher Warmer Schal Ohrenschützer Plüsch Hut Maskottchen Schlittenhund Hut
https://www.amazon.de/dp/B078PYT5Q7 , B078PYT5Q7 ,  ,  , Engedi , 2 Quick Mount Silikon Sperren Lock Plug für GoPro HD 1 2 3 3 + 4
https://www.amazon.de/dp/B07F42ZSH8 , B07F42ZSH8 ,  ,  , Generic , Generic TPA3116 D2 8-25 V DC 100 Watt Mono Subwoofer Digitale VerstÃ¤rkerplatine NE5532 OPAMP
https://www.amazon.de/dp/B01EN47BIC , B01EN47BIC ,  ,  , banjado , banjado screencover - Abdeckung für Ihren Fernseher， Alle Zollgrößen möglich， Material Hartschaum Schwarz， mit Motiv Malve Am See， Größe:26'' TV (70cm x 44cm)
https://www.amazon.de/dp/B01EN456MU , B01EN456MU ,  ,  , banjado , banjado screencover - Abdeckung für Ihren Fernseher， Alle Zollgrößen möglich， Material Hartschaum Schwarz， mit Motiv Nora， Größe:32'' TV (83cm x 51cm)
https://www.amazon.de/dp/B07K15DMVS , B07K15DMVS ,  ,  , WOSOSYEYO , AFI MRA01 360-Grad-Elektro-Panorama-Stativkopf für GoPro Action-Kamera (Farbe: Silbergrau)
https://www.amazon.de/dp/B07HJXF5GP , B07HJXF5GP ,  ,  , Shootingstar , Shootingstar Ulanzi Hohe Qualität Einstellbare Tablet stativ Halterung Adapter 5-12 Zoll Adapter Aluminiumlegierung Vertikale Halterung Halter Adapter Clip Für Ipad
https://www.amazon.de/dp/B0777Q172X , B0777Q172X ,  ,  , Gazechimp , Gazechimp Motorisierter 360° -Kugelkopf für Panorama-Video- / Foto ür Canon Nikon DSLR
https://www.amazon.de/dp/B07J4F6JP5 , B07J4F6JP5 ,  ,  , VOYAGO , Flexibles Handy Stativ， Sugelary Ministativ Smartphone Stativ Flexibel Kamera Stativ für iPhone DSLR Systemkamera Gopro
https://www.amazon.de/dp/B0763QMLV6 , B0763QMLV6 ,  ,  , fittings4you , 1/4" Zoll Adapter für GoPro Kupferversion Schwenkkopf Go-Pro
https://www.amazon.de/dp/B0775T7TXY , B0775T7TXY ,  ,  , Gazechimp , Gazechimp Handheld Bluetooth Selfie Stick 3 in 1 Kamerastativ für digital & Gopro Kamera & SLR
https://www.amazon.de/dp/B01L1TL7TQ , B01L1TL7TQ ,  ,  , Gazechimp , Gazechimp Stabile Mini Tabletop Kamera-Stativ-Kugelkopf für Canon-Kamera
https://www.amazon.de/dp/B078HN814K , B078HN814K ,  ,  , Gazechimp , Gazechimp Kamera DSLR Stativ & Einbeinstativ mit 360-Grad-Kugelkopf für Digital kameras - Blau
https://www.amazon.de/dp/B076Q9MVDN , B076Q9MVDN ,  ,  , Gazechimp , Gazechimp Portabel Mini Dreibein Stativ für Kamera Projektor mit 3/8"Gewindeanschluss
https://www.amazon.de/dp/B076KNXNQ9 , B076KNXNQ9 ,  ,  , Gazechimp , Gazechimp 1 Stk. Einstellbare Selfie Stick， Universale Videografie Zusatz für Handys - Farbe Wählen - Gold
https://www.amazon.de/dp/B07JP9LXM8 , B07JP9LXM8 ,  ,  , Paperllong , 4-Zoll-HD 1080P 3 Objektiv Auto DVR Bewegungserkennung & Parken Monitor Dash Cam (Farbe: schwarz)
https://www.amazon.de/dp/B00AA00CXK , B00AA00CXK ,  ,  , Polaroid , Polaroid dive-rated großen Wasserdichte Kamera-Gehäuse für die Nikon 1 V1， V2， J1， J2， J3， S1 Digital Kamera
https://www.amazon.de/dp/B07HKV7WMQ , B07HKV7WMQ ,  ,  , Lifesongs , Lifesongs Digital Elektronisch Mikroskop mit Halter HD 4.3 Zoll 600X Vergrößerung Lupe 3 Millionen Pixel USB Elektronisch Mikroskop
https://www.amazon.de/dp/B07L81ZN5C , B07L81ZN5C ,  ,  , cottonfree , 5M 20 Colors For 3D Drawing Printer Pen 1.75mm Filament PLA Stereoscopic For 3D Drawing Printer Pen 3d Printing Materials
https://www.amazon.de/dp/B07FBVLKN4 , B07FBVLKN4 ,  ,  , AAWWEERRTYU , AAWWEERRTYU Kreative Laptop Dekorative Aufkleber Notebook Auto Film Paster Aufkleber (Splitter Weiß)
https://www.amazon.de/dp/B07F9QW1ZT , B07F9QW1ZT ,  ,  , JxucTo , JxucTo Elegant Cat Scratch Notebook Laptop Aufkleber Auto Dekorative Paster Aufkleber (Schwarz)
https://www.amazon.de/dp/B07J6BJL7B , B07J6BJL7B ,  ,  , Plat Firm , Plat Firm Metall MK8 Extruder Halter Chassis fÃ¼r Dual Head 3D Prusa I3 Drucker
https://www.amazon.de/dp/B07JFJPPJM , B07JFJPPJM ,  ,  , Moliies , 40 Disk CD DVD Aufbewahrungskoffer Halter DJ Aufbewahrungsbox Etui Disc Organizer Brieftasche Tasche Album Light Weight
https://www.amazon.de/dp/B07HK5H3R7 , B07HK5H3R7 ,  ,  , Forrom , Forrom Aluminium MK8 CR-10 Extruder Drive Feed Upgrade Ersatz， 3D Drucker Extruder für Creality CR-10， CR-10S， CR-10 S4， CR-10 S5， RepRap Prusa i3， 1，75 mm (Rot)
https://www.amazon.de/dp/B00PC9FUDG , B00PC9FUDG ,  ,  , Bheema , Bheema UHF PL259 -Stecker -Center auf N-Buchse Jack RF Adapter Stecker
https://www.amazon.de/dp/B005U8EBYS , B005U8EBYS ,  ,  , Hama , Hama CP 876 Li-Ion Akku für Samsung IA-BP210E
https://www.amazon.de/dp/B07JP33T5K , B07JP33T5K ,  ,  , MainCore , MainCore Cat5e UTP gewinkeltes Kabel RJ45 High Speed Ethernet LAN Patchkabel (erhältlich in 0，5 m / 1 m / 2 m / 3 m) 0.5m Schwarz
https://www.amazon.de/dp/B07B7N53WM , B07B7N53WM ,  ,  , C2G , C2G Mini-Displayport-Kabel (3 m， C2G， Stecker auf Stecker) Schwarz
https://www.amazon.de/dp/B01MR10G8J , B01MR10G8J ,  ,  , Generic , Generic 5 Sets Wasserdichte Electrical Connectors Set 1.5mm Terminal 3/4/5/6 Pins Car Kit - 4 Stifte
https://www.amazon.de/dp/B01MR10DCA , B01MR10DCA ,  ,  , Generic , Generic 5 Sets Wasserdichte Electrical Connectors Set 1.5mm Terminal 3/4/5/6 Pins Car Kit - 6 Stifte
https://www.amazon.de/dp/B003OWFASS , B003OWFASS ,  ,  , Dexlan , Dexlan Kabel DVI-D (24 + 1) männlich/männlich 5.00 m
https://www.amazon.de/dp/B000FSS4B4 , B000FSS4B4 ,  ,  , MICRO CONNECTORS , Micro-Stecker， Inc. 1394B Firewire-Kabel， 9-polig auf 4-polig (E07-241)
https://www.amazon.de/dp/B07215XP1L , B07215XP1L ,  ,  , Eurosell , Eurosell 5m Winkel Stecker High Speed HDMI Kabel mit Ethernet - 3D Full HD 4K Deep Color
https://www.amazon.de/dp/B07L5H22GY , B07L5H22GY ,  ,  , LiangDun-DE , LiangDun-DE 0，3/0，6/1 Mt Professioneller PCIE 1X auf 16X Extender Riser-Kartenadapter + Netzkabel
https://www.amazon.de/dp/B071Z7HM68 , B071Z7HM68 ,  ,  , FEIYOLD , FEIYOLD Neuest Dauerhaft Metall iPhone Ladegerät， iPhone Lightning Kabel für iPhone 7/7 Plus/6/6 Plus/6s/6s Plus/5s/5c/5/iPad Pro/Air/Mini – 3，3 Fuß (Schwarz)
https://www.amazon.de/dp/B075D4RJ13 , B075D4RJ13 ,  ,  , MANAX , MANAX® Edelstahl Ladekabel USB 2.0 A Stecker auf 8-PIN Lightning Stecker (1x 1，20 m silber)
https://www.amazon.de/dp/B06W2M6VZR , B06W2M6VZR ,  ,  , Mayhem , Kabel Band Silikon USB Ladekabel 8 Pin Sync-Kabel für iPhone/iPad
https://www.amazon.de/dp/B07JC29S2H , B07JC29S2H ,  ,  , TronicXL , TronicXL Cat 6 S/FTP Netzwerkkabel RJ45-Stecker 10 Gbit/s Lan Kabel (5m， Rosa)
https://www.amazon.de/dp/B07H5FTCKC , B07H5FTCKC ,  ,  , UzLiLi , UzLiLi USB 3.0 zu SATA Adapter Konverter Kabel für 2.5 '' 3.5 '' HDD Festplattenlaufwerk Laptop Festplatte SSD DVD/CD-ROM/DVD-ROM
https://www.amazon.de/dp/B077FXS8P4 , B077FXS8P4 ,  ,  , Gazechimp , Gazechimp HDMI Stecker Mikro/Mini zum VGA Adapter mit 3.5mm Audio Kabel - Schwarz
https://www.amazon.de/dp/B07J42YCTD , B07J42YCTD ,  ,  , Vegena , Vegena Huawei P20 Lite Panzerglas Schutzfolie， [2 Stück] Schutzfolie für Huawei P20 Lite Anti-Kratzer Anti-Öl Anti-Bläschen Panzerglas Schutzfolie für Huawei P20 Lite
https://www.amazon.de/dp/B07KG33HPP , B07KG33HPP ,  ,  , Perfeclan , Perfeclan Esp8266 ESP-01S Serial WiFi Wireless Module DIY-Projekt Relaismodul 3.3V
https://www.amazon.de/dp/B00KF56BNK , B00KF56BNK ,  ,  , Unbekannt , Tafellappen (Bürobedarf Artikel)
https://www.amazon.de/dp/B00KF56C52 , B00KF56C52 ,  ,  , Unbekannt , Tafellappen mit Aufhänger (Bürobedarf Artikel)
https://www.amazon.de/dp/B00KF56V6W , B00KF56V6W ,  ,  , Unbekannt , Vliestuch (Bürobedarf Artikel)
https://www.amazon.de/dp/B000J675ZS , B000J675ZS ,  ,  , AF , AF SPRAYDUSTER AEROSOL DRUCKLUFTSPRAY， 125 ML
https://www.amazon.de/dp/B07CHLK84D , B07CHLK84D ,  ,  , MP-Cologne , Faltbare Aluminium Bluetooth QWERTY Tastatur für Chuwi Hi9 Air - F18 Schwarz
https://www.amazon.de/dp/B07JR1B8NS , B07JR1B8NS ,  ,  , MP-Cologne , 360 Drehbarer Stand Cover Case Schutzhülle Tasche Etui mit Touch Pen für Chuwi HiPad Tablet - Paris 1 10.1 Zoll 360
https://www.amazon.de/dp/B07JQS9WBS , B07JQS9WBS ,  ,  , MP-Cologne , 360 Drehbarer Stand Cover Case Schutzhülle Tasche Etui mit Touch Pen für Acer Iconia One 10 (B3-A50) Tablet - Hund 10.1 Zoll 360
https://www.amazon.de/dp/B07JQQ16C3 , B07JQQ16C3 ,  ,  , MP-Cologne , 360 Drehbarer Stand Cover Case Schutzhülle Tasche Etui mit Touch Pen für Acer Chromebook Tab 10 (D651N-K0PN) Tablet - Köln Untergang 10.1 Zoll 360
https://www.amazon.de/dp/B07JQPZGFG , B07JQPZGFG ,  ,  , MP-Cologne , 360 Drehbarer Stand Cover Case Schutzhülle Tasche Etui mit Touch Pen für Acer Iconia One 10 B3-A42 Tablet - Katze 2 10.1 Zoll 360
https://www.amazon.de/dp/B07JQPS4RY , B07JQPS4RY ,  ,  , MP-Cologne , 360 Drehbarer Stand Cover Case Schutzhülle Tasche Etui mit Touch Pen für MEDION LIFETAB P10327 Tablet - Paris 5 10.1 Zoll 360
https://www.amazon.de/dp/B07JQPR6CZ , B07JQPR6CZ ,  ,  , MP-Cologne , MP-Cologne Echt Leder Stand Tasche Hülle für Lenovo Tab P10 Tablet Schutzhülle Etui - 360 Braun Leder 10.1 Zoll
https://www.amazon.de/dp/B078R6YNDT , B078R6YNDT ,  ,  , Gazechimp , Gazechimp Home Button Key mit Flexkabel Ersatzteile Wiedereinbau Teil für IPad Air 2， Pro 12.9， Mini 4 - Silber
https://www.amazon.de/dp/B07D3TWYBL , B07D3TWYBL ,  ,  , m. kern , m. kern Mousepad Sei Ein Flamingo
https://www.amazon.de/dp/B01JM4Z60I , B01JM4Z60I ,  ,  , m. kern , Mousepad Amsterdam Skyline
https://www.amazon.de/dp/B07DLCHSX3 , B07DLCHSX3 ,  ,  , CMN Printpool , CMN Printpool recycelt - als Ersatz für HP - Hewlett Packard Thermal Inkjet 2.5 (C8842A) - Druckkopf schwarz
https://www.amazon.de/dp/B07DLBHPLF , B07DLBHPLF ,  ,  , CMN Printpool , CMN Printpool recycelt - als Ersatz für HP - Hewlett Packard OfficeJet 2600 Series (301XL / CH563EE) - Druckkopf schwarz - 15ml
https://www.amazon.de/dp/B07DL7FMMY , B07DL7FMMY ,  ,  , CMN Printpool , CMN Printpool recycelt - als Ersatz für HP - Hewlett Packard PhotoSmart 7850 XI (338 / C8765EE) - Druckkopf schwarz - 710 Seiten - 18ml
https://www.amazon.de/dp/B01N6RWZ51 , B01N6RWZ51 ,  ,  , CMN Printpool , CMN Printpool recycelt - als Ersatz für Lexmark Execjet II C (13400HCE) - 2 x Druckkopf schwarz
https://www.amazon.de/dp/B01MZAR894 , B01MZAR894 ,  ,  , CMN Printpool , CMN Printpool recycelt - als Ersatz für Olivetti Fax-Lab 105 (FJ31 / B0336) - Druckkopf schwarz - 600 Seiten - 15ml
https://www.amazon.de/dp/B00OLU8YZ8 , B00OLU8YZ8 ,  ,  , CMN Printpool , CMN Printpool recycelt - als Ersatz für HP - Hewlett Packard PhotoSmart 7850 XI (343 / CB332EE) - 2 x Druckkopf (cyan， magenta， gelb) - 22ml
https://www.amazon.de/dp/B00OLU7OOA , B00OLU7OOA ,  ,  , CMN Printpool , CMN Printpool recycelt - als Ersatz für HP - Hewlett Packard PhotoSmart 7960 GP (565657 / C6656AE) - 3 x Druckkopf Multipack black black color - 2x21&1x22ml
https://www.amazon.de/dp/B00OLU6TEQ , B00OLU6TEQ ,  ,  , CMN Printpool , CMN Printpool recycelt - als Ersatz für HP - Hewlett Packard DeskJet D 1530 (21 / C9351AE) - 2 x Druckkopf schwarz - 24ml
https://www.amazon.de/dp/B00PSXWHNM , B00PSXWHNM ,  ,  , HP , HP original - HP - Hewlett Packard DeskJet F 2483 (300XL / CC 641 EE) - Druckkopf schwarz - 600 Seiten - 12ml
https://www.amazon.de/dp/B00ANKCAFK , B00ANKCAFK ,  ,  , CMN Printpool , CMN Printpool kompatibel - als Ersatz für Olivetti OFX 1900 LF (FPJ20 / B0384) - Druckkopf schwarz - 22ml
https://www.amazon.de/dp/B00ANKA9CQ , B00ANKA9CQ ,  ,  , CMN Printpool , CMN Printpool kompatibel - als Ersatz für Triumph-Adler FX 610 I PC (FPJ20 / B0384) - Druckkopf schwarz - 22ml
https://www.amazon.de/dp/B00ANK7VYK , B00ANK7VYK ,  ,  , HP , HP - Hewlett Packard OfficeJet 100 (343 / C 8766 EE) - original - Druckkopf (cyan， magenta， gelb) - 330 Seiten - 7ml
https://www.amazon.de/dp/B00ANK4M8S , B00ANK4M8S ,  ,  , HP , HP - Hewlett Packard DeskJet 6830 V (343 / CB 332 EE) - original - 2 x Druckkopf (cyan， magenta， gelb) - 330 Seiten - 7ml
https://www.amazon.de/dp/B00ANK1BO6 , B00ANK1BO6 ,  ,  , HP , HP - Hewlett Packard PhotoSmart 7260 (56 / C 6656 AE#301) - original - Druckkopf schwarz - 520 Seiten - 19ml
https://www.amazon.de/dp/B00ANK0VZ6 , B00ANK0VZ6 ,  ,  , CMN Printpool , CMN Printpool kompatibel - als Ersatz für Canon Fax JX 510 P (PG-40 / 0615 B 001) - Druckkopf schwarz - 18ml
https://www.amazon.de/dp/B00ANJXXG6 , B00ANJXXG6 ,  ,  , CMN Printpool , CMN Printpool kompatibel - als Ersatz für Lexmark Z 42 (75 / 12A1975E) - Druckkopf schwarz - 30ml
https://www.amazon.de/dp/B00ANJZ9EU , B00ANJZ9EU ,  ,  , CMN Printpool , CMN Printpool kompatibel - als Ersatz für Lexmark Z 816 (31 / 18C0031E) - Druckkopf Foto - 125 Seiten - 24ml
https://www.amazon.de/dp/B071ZZ45VW , B071ZZ45VW ,  ,  , Gazechimp , Gazechimp 2 x Mauspad mit Handgelenkstütze Schaumgummi Handgelenk Restauflagen Zubehör
https://www.amazon.de/dp/B07JKXS149 , B07JKXS149 ,  ,  , GYPO , GYPO Kreativ Runde Flamingos-Mausunterlage-Matten-Schreibtisch-Schreibunterlage für Büro und Haus
https://www.amazon.de/dp/B07FBHZH8Z , B07FBHZH8Z ,  ,  , GYPO , GYPO Kreativ Fischernetz-Mausunterlage-Schreibtisch-Schreibens-Matte für Büro und Haus
https://www.amazon.de/dp/B0711WTTVJ , B0711WTTVJ ,  ,  , Gazechimp , Gazechimp 2 x Wasserdichte Silikon Tastatur-Abdeckung Schutzfall Hülle für 15" HP Pavillon
https://www.amazon.de/dp/B07KT3S2D4 , B07KT3S2D4 ,  ,  , Moliies , Portable 3 In 1 OTG-Kartenleser Erweiterungskarte für IOS für Android-Computer
https://www.amazon.de/dp/B01MTLK5EE , B01MTLK5EE ,  ,  , Gazechimp , Gazechimp ATM SB-Banking magnetische Kreditkarte Tür Access Controller
https://www.amazon.de/dp/B07J1L28MV , B07J1L28MV ,  ,  , universal , universal Donut Design USB-Ladekabel für den Schreibtisch， Tassenwärmer， Kaffee， Getränke， Heizmatte
https://www.amazon.de/dp/B07JVLDDDL , B07JVLDDDL ,  ,  , AAWWEERRTYU , AAWWEERRTYU Schreibtischlampe Augenpflege Dimmable Leselicht Touch Control Lampe mit USB Lade für Schlafzimmer Lesesaal
https://www.amazon.de/dp/B07JMTR3M9 , B07JMTR3M9 ,  ,  , AAQwsde , AAQwsde Bear Style Star Decke und Wand Projektor Kinder Kids Musical Farbwechsel Nachtlicht USB Lampe für Schlafzimmer Bed Side Lampen
https://www.amazon.de/dp/B07JB9968W , B07JB9968W ,  ,  , AAWWEERRTYU , AAWWEERRTYU Weiche dauerhafte Dimmable Ananas Schreibtisch LED Lampe Touch-Schalter für die Dekoration von Schlafzimmer mit USB
https://www.amazon.de/dp/B07H9WK2RP , B07H9WK2RP ,  ,  , HOUHOUNNPO , HOUHOUNNPO LED Schreibtischlampe Tragbare Öl Diffusor Luftbefeuchter Dosen USB Luftbefeuchter Stumm Haushalt Desktop Reinigung Luft Ultraschall-luftbefeuchter (Blau)
https://www.amazon.de/dp/B00WQRIM0U , B00WQRIM0U ,  ,  , Aurabeam , Sanyo POA-LMP69 Replacement Projector Lamp bulb with Housing - High Quality Compatible Lamp
https://www.amazon.de/dp/B00WQRDYOO , B00WQRDYOO ,  ,  , Aurabeam , Sanyo 610-293-8210 Replacement Projector Lamp bulb with Housing - High Quality Compatible Lamp
https://www.amazon.de/dp/B00WQRBFZ4 , B00WQRBFZ4 ,  ,  , Aurabeam , Benq 5J.06001.001 Replacement Projector Lamp bulb with Housing - High Quality Compatible Lamp
https://www.amazon.de/dp/B00OJ2MGD4 , B00OJ2MGD4 ,  ,  , Aurabeam , poa-lmp107 compatible Av Vision Projector lamp with Housing， 150 days warranty
https://www.amazon.de/dp/B00LW9Z9BS , B00LW9Z9BS ,  ,  , Aurabeam , Compatible Mitsubishi RPTV Lamp， Replaces Model WD-73738 with Housing
https://www.amazon.de/dp/B07HZ4FBFX , B07HZ4FBFX ,  ,  , Universal , Universal-Zelle für Solarmodul des Solarpanels， 5 V， 1，2 W， 200 mAh， DIY Sun， Maße: 110 x 69 m
https://www.amazon.de/dp/B07DHCZF8T , B07DHCZF8T ,  ,  , SuperSU-Haushaltsgeräte , SuperSU Tischventilator Ventilator mit Standfuß 3 Geschwindigkeitsstufen Ein/Aus-Schalter Tisch Ventilator Leises Betriebsgeräusch Ca. 25° neigbar (einstellbarer Winkel) | Hoher (Blau)
https://www.amazon.de/dp/B07JWF99ZC , B07JWF99ZC ,  ,  , Momorain , Ultra-leise Mini 4 Zoll USB Fans Kunststoff Tragbare Kleine Schreibtisch Fan leistungsstarke Wind für PC/Laptop / Notebook Sommer (Farbe: weiß)
https://www.amazon.de/dp/B07KP37PPB , B07KP37PPB ,  ,  , Petterson , Petterson 1 Mt BNC Q9 Stecker Auf Dual Alligatorclip Oszilloskop Test Probe Blei Kabel Für Oszilloskop Messgerät (Black & red)
https://www.amazon.de/dp/B00SX1J06S , B00SX1J06S ,  ,  , XO , XO Antenna F Kabel - schwar - weiblicher Stecker auf weibliche Dose TV Antennen RG6 Coaxial Kabel - 3m - used für Kabel expansion
https://www.amazon.de/dp/B07JQFGH99 , B07JQFGH99 ,  ,  , Ironheel , Audio Stecker， auf Lager 5 stücke 3，5mm 3 Pole Stereo Jack Stecker Stecker Solder Teil Für Kopfhörer Großhandel
https://www.amazon.de/dp/B075RBM3WM , B075RBM3WM ,  ,  , Gazechimp , Gazechimp Ersatz DIY Kopfhörer Kabel mit Mikrofon und USB Ladekabel für Bluetooth Headset - Schwarz
https://www.amazon.de/dp/B07LBL8NNC , B07LBL8NNC ,  ,  , Bloomgreen Co. , Bloomgreen Co. 3 Pin XLR-Stecker auf 6.35mm Male Jack Audiokabel Mikrofon Mic-Adapter-Konverter
https://www.amazon.de/dp/B00007M8HJ , B00007M8HJ ,  ,  , JBL , JBL GTO 2000 2-Kanal-Verstärker
https://www.amazon.de/dp/B00D7J0LBE , B00D7J0LBE ,  ,  , World of Data , World of Data® Koaxial-Kupplung (24 Karat Gold， Buchse auf Buchse， 2 Stück) Weiß / goldfarben
https://www.amazon.de/dp/B073X5Y186 , B073X5Y186 ,  ,  , Eurosell , Eurosell - Antennenkabel Mantelstromfilter TV Koaxkabel 100dB 100 Hz 75 Ohm Koax-Stecker - Koax-Kupplung Koaxial Kabel Winkel Winkelstecker gewinkelt (1m)
https://www.amazon.de/dp/B00EX5B5MK , B00EX5B5MK ,  ,  , Samsung , Samsung HT-Speaker Cables C5500D Home Cinema Kabel mit Steckern， 6 Minen
https://www.amazon.de/dp/B07L1316LZ , B07L1316LZ ,  ,  , mf-cables , Lautsprecherkabel Speakon Professional 20m (Neutrik NL2FX) 2x2，5qmm
https://www.amazon.de/dp/B07FK7CZGH , B07FK7CZGH ,  ,  , ItalianCaseDesign , ItalianCaseDesign Schutzhülle Case Serepente Gold Mano Samurai Hell Snake Gold für Sony Xperia Z5 Premium Z5 Compact X Performance XA1 XA1 Ultra XZ XZ Premium
https://www.amazon.de/dp/B07FK79K9N , B07FK79K9N ,  ,  , ItalianCaseDesign , ItalianCaseDesign Schutzhülle für Sony Xperia Z5 Premium Z5 Premium Z5 Compact X Performance XA1 Ultra XZ XZ Premium
https://www.amazon.de/dp/B001RNNIVC , B001RNNIVC ,  ,  , Fujifilm , Fujifilm 15943295 AV-Kabel AC-C 1 für FinePix-Serie
https://www.amazon.de/dp/B07DKBYZT1 , B07DKBYZT1 ,  ,  , BreLINE , Bluetooth Kopfhörer Sport Kabellos Stereo Ohrhörer， mit Mikrofon， 6 Stunden Spielzeit， Auto Bluetooth Kopfhörer mit Freisprechen Ohrhörer mit Magneten/Mic für iPhone Smartphone Plus 6 6S und Android Tablet
https://www.amazon.de/dp/B005SP6B78 , B005SP6B78 ,  ,  , Metronic , Metronic Urban Kopfhörer， 1，3 m
https://www.amazon.de/dp/B07KYM7R6S , B07KYM7R6S ,  ,  , Monrodbitt , Digital Audio Optisches Glasfaserkabel Toslink 3-Wege-Wahlschalter Splitter-Adapter Bi-Direktionaler Dolby HDTV， Blu-ray DVD-Player
https://www.amazon.de/dp/B07FN4DGBG , B07FN4DGBG ,  ,  , Moliies , 1080P 2 Ports HDMI Splitter 1.4 HDMI Splitter 3D 1 x 2 HDMI Splitter 5V Netzteil 1 in 2 Out Switcher für HDTV EU-Stecker
https://www.amazon.de/dp/B075T7FGTZ , B075T7FGTZ ,  ,  , Unbranded , Stereokopfhörer Kopfhörer Stern verschiedene Muster F3 (Blau)
https://www.amazon.de/dp/B07GZF3Y6F , B07GZF3Y6F ,  ,  , Reputedc , Reputedc Bluetooth Headset， Camouflage Headset for up to 2 Hours of Camouflage in-Ear Earbuds Wireless Stereo Headset Mini Bluetooth Headset Headset Hands-Free Calling
https://www.amazon.de/dp/B07DHDD6YF , B07DHDD6YF ,  ,  , Ghding , Bluetooth Kopfhoerer In Ear Kabellos Noise-Cancelling MIC Kopfhörer mit Mikrofon Stereo Sport Hörer für Männer Jungen Kinder Wired Wireless Mode Bluetooth Kopfhörer für iPhone， iWatch， Android， Echo Dot und Weitere
https://www.amazon.de/dp/B077DC7CN8 , B077DC7CN8 ,  ,  , Gazechimp , Gazechimp Drahtloser Bluetooth 4.1 Kopfhörer HiFi-Audioqualität Sports Laufen Stereo Headset Ohrbögel design In-Ohr-Ohrhörer - Blau
https://www.amazon.de/dp/B07K6K7DND , B07K6K7DND ,  ,  , TronicXL , TronicXL Kabel Halterung Halter Wand Wandhalterung für Verlängerungskabel Wandbefestigung Wandmontage
https://www.amazon.de/dp/B07K2XZ4F1 , B07K2XZ4F1 ,  ,  , Lifeprove , Bluetooth-Kopfhörer Drahtlose，schweißbeständige Sportkopfhörer mit Mikrofon mit Rauschunterdrückung Kompatible Bluetooth-Kopfhörer mit iPhone， Android usw.
https://www.amazon.de/dp/B075XC8YLD , B075XC8YLD ,  ,  , SYMTOP , 1 W 8 Ohm Magnet Mini Lautsprecher MP3 MP4 Player Lautsprecher 28 mm Dia 2
https://www.amazon.de/dp/B006W9546I , B006W9546I ,  ,  , Telesystem , TELE SYSTEM PE60
https://www.amazon.de/dp/B07H9V5Y1Z , B07H9V5Y1Z ,  ,  , Moliies , Wasserdichte 2 in 1 2 Möglichkeiten Satelliten Splitter TV Signal Kabel TV Signal Mixer Sat/ANT Diplexer Leicht & Kompakt
https://www.amazon.de/dp/B008OJZ4YG , B008OJZ4YG ,  ,  , Klein , KLEIN SI-Rahmen 5-fach silber matt K2515/80
https://www.amazon.de/dp/B072L357WW , B072L357WW ,  ,  , Jili Online , dschili Online 2 Way 5–2400 MHz Splitter für Koax Kabel HDTV Satellite
https://www.amazon.de/dp/B07L2RGZWW , B07L2RGZWW ,  ,  , Perfeclan , Perfeclan 2-Wege Stereo Lautsprecher Steuerung Passiver Lautsprecherschalter Audio Switcher Splitter
https://www.amazon.de/dp/B07G2M8JBN , B07G2M8JBN ,  ,  , Moliies , AC3 / DTS Digital Optical Audio zu 5.1/2.1 Kanal Stereo Analog RCA Converter Multimedia 120db Signal Decoder
https://www.amazon.de/dp/B075WWHQ5R , B075WWHQ5R ,  ,  , Gazechimp , Gazechimp Schwarz Saugnapf Halter Halterung Für Garmin - #1
https://www.amazon.de/dp/B079R26HHM , B079R26HHM ,  ,  , Phoenix , Phoenix DIREKTSTECKVERBINDER SDDC 1，5/2-PV-3，5
https://www.amazon.de/dp/B079R1T1ZL , B079R1T1ZL ,  ,  , Phoenix , Phoenix DIREKTSTECKVERBINDER SDC 2，5/14-PV-5-ZB
https://www.amazon.de/dp/B079R1RC4M , B079R1RC4M ,  ,  , Phoenix , Phoenix DIREKTSTECKVERBINDER SDC 2，5/7-PV-5-ZB
https://www.amazon.de/dp/B079R1QB3N , B079R1QB3N ,  ,  , Phoenix , Phoenix DIREKTSTECKVERBINDER SDDC 1，5/7-PV-3，5
https://www.amazon.de/dp/B079R1FP7N , B079R1FP7N ,  ,  , Phoenix , Phoenix DIREKTSTECKVERBINDER SDC 2，5/3-PV-5-ZB
https://www.amazon.de/dp/B079QZN7GD , B079QZN7GD ,  ,  , Phoenix , Phoenix DIREKTSTECKVERBINDER SDC 2，5/13-PV-5-ZB
https://www.amazon.de/dp/B079QZ72WH , B079QZ72WH ,  ,  , Phoenix , Phoenix DIREKTSTECKVERBINDER SDDC 1，5/13-PV-3，5
https://www.amazon.de/dp/B079QZ52ZB , B079QZ52ZB ,  ,  , Phoenix , Phoenix DIREKTSTECKVERBINDER SDC 2，5/15-PV-5-ZB
https://www.amazon.de/dp/B07KDR469X , B07KDR469X ,  ,  , AEVOBAS , VidaXL TV-Bank， Design MDF， Weiß mit Fächern und Flügeltüren， Buffet niedrig Fernseher， DVD-Player， Weiß + Holzfarbe (no. 244867)
https://www.amazon.de/dp/B07K26XKH8 , B07K26XKH8 ,  ,  , Moliies , Universal Auto Analog Digital TV/FM Antenne Fahrzeug Signal Empfang Auto Antenne Radio Automobil Signal Verstärker Booster
https://www.amazon.de/dp/B06XMQW76X , B06XMQW76X ,  ,  , Adapter Universe , Adapter Universe Shark Antenne 12V Haiflossen Dachantenne Auto Radio Navi Verstärker KFZ PKW Raku 2 Stecker FM AM GPS GSM für Lancia
https://www.amazon.de/dp/B06X3WNB9H , B06X3WNB9H ,  ,  , Adapter Universe , Adapter Universe Shark Antenne 12V Haiflossen Dachantenne Auto Radio Navi Verstärker KFZ PKW Raku 2 Stecker FM AM GPS GSM für Honda
https://www.amazon.de/dp/B07D25V7CX , B07D25V7CX ,  ,  , TronicXL , TronicXL TV Wandhalterung neigbar schwenkbar 10-32 Zoll zb für JVC Sharp Sony Thomson LED LCD TFT
https://www.amazon.de/dp/B006Y465ZU , B006Y465ZU ,  ,  , myWall , My Wall HE 1 A， 20 Jahre Garantie， (Silber)
https://www.amazon.de/dp/B07JJDP4ZB , B07JJDP4ZB ,  ,  , Big-Mountain , Big-Mountain
https://www.amazon.de/dp/B07KFGCC8J , B07KFGCC8J ,  ,  , IIfreesia , IIfreesia Mini Auto MP3 Bluetooth Hansfree FM Transmitter 3.1A Dual Ports USB-Ladegerät Music Player Unterstützung TF-Karte U-Disk (schwarz)
https://www.amazon.de/dp/B07K7HL8H1 , B07K7HL8H1 ,  ,  , Moliies , Auto-MP3-MP3-MP3-Player fürs Auto Auto-tragender Musik-Player Freisprecheinrichtung Zigarettenanzünder Typ Bluetooth FM Transmitter
https://www.amazon.de/dp/B07JVSWD8X , B07JVSWD8X ,  ,  , VISTARIC , VISTARIC Kelima N9 Bluetooth EmpfÃ¤nger KFZ-LadegerÃ¤t mit LED-Bildschirm
https://www.amazon.de/dp/B07JLN1249 , B07JLN1249 ,  ,  , Moliies , Nylon Puppy Dog Haustier Mund gebunden Gerät Maske Sicherheit einstellbar Breathable Muzzle Stop beißen Anti Bark Bite Mesh Kleine große Hunde
https://www.amazon.de/dp/B07KWZZ3DF , B07KWZZ3DF ,  ,  , fgjfghsdhsdfh , USB-6 Kanal 5.1 Audio Externe optische Soundkarte Adapter für PC Laptop Skype，
https://www.amazon.de/dp/B07881XZXX , B07881XZXX ,  ,  , Gazechimp , Gazechimp 1 Stück Auto Bluetooth 4.0 USB-Eingangsadapter AMI USB Kabel Adapter Audio-Empfänger
https://www.amazon.de/dp/B076DB7W3X , B076DB7W3X ,  ,  , Gazechimp , Gazechimp 1 x Aux-Eingangskabeladapter MP3 Audio-Kabel Für Peugeot 307 308 407 408 507
https://www.amazon.de/dp/B01B9KHQHE , B01B9KHQHE ,  ,  , Soundstream , Soundstream vcd-21 Single DIN CD-Player mit 32 GB USB-Wiedergabe
https://www.amazon.de/dp/B07KQD366S , B07KQD366S ,  ,  , Moliies , Moliies Reine Sinuswelle 600 Watt DC12V zu AC220V Auto Wechselrichter Spannungswandler Camping Reise Fahrzeuge Konverter mit Eu-stecker
https://www.amazon.de/dp/B07KG5Z97Q , B07KG5Z97Q ,  ,  , Moliies , 1000W DC12V to AC220V Car Power Inverter High Converting Efficiency Converter
https://www.amazon.de/dp/B07K1H8JG5 , B07K1H8JG5 ,  ,  , Ironheel , Auto-Reise-Inverter， Fachmann 300W DC12V zu AC220V Auto-Inverter-hoher konvertierender Leistungsfähigkeits-USB-Ladegerät-Konverter-Transformator-Inverter
https://www.amazon.de/dp/B007IWTXVK , B007IWTXVK ,  ,  , Goso , GOSO Subaru Schlüssel Leer Gehäuse NSN14 2Tasten 6901
https://www.amazon.de/dp/B07J5PRT9X , B07J5PRT9X ,  ,  , Moliies , 2 x Dual Emitter IR Infrarot Fernbedienung Repeater Extender AV Kit 12V DC 34 60 kHz 3，5 mm Mini Stecker 4 Emitter 1 Empfänger
https://www.amazon.de/dp/B07GBQJBCR , B07GBQJBCR ,  ,  , Detectoy , 1 Stück Tragbare 3D Bildschirm Lupe für Handy Xiaomi Samsung Lenovel Tablet Video Bildschirm Halter Falten Vergrößerte Expander
https://www.amazon.de/dp/B072FVH74R , B072FVH74R ,  ,  , MP-Cologne , Universale Autositz Tablet Halter für LG G Pad III 8.0 FHD Tablet Pc Sitz Halterung - Auto Halter für den Autositz 7 - 12 Zoll
https://www.amazon.de/dp/B072FKYVM7 , B072FKYVM7 ,  ,  , MP-Cologne , Universale Autositz Tablet Halter für Samsung Galaxy S3 Wi-Fi Tablet Pc Sitz Halterung - Auto Halter für den Autositz 7 - 12 Zoll
https://www.amazon.de/dp/B0771SB6L4 , B0771SB6L4 ,  ,  , MP-Cologne , Sport Arm Band für - Universal for 5.7 inch / 6 inch - Handy Schutzhülle Zum Laufen， Joggen， Radfahren - SPO-2 Blau
https://www.amazon.de/dp/B07KKDLGQD , B07KKDLGQD ,  ,  , Bobury , Bobury 4PCS 4D Car Einstieg Anti Scratch Schutz Pedal Schütze Schwarze Carbon-Faser-Aufkleber Fahrzeugzubehör
https://www.amazon.de/dp/B07KK9H56N , B07KK9H56N ,  ,  , Moliies , Tragbare Reise-Tragetasche für die Handtasche für Oculus Go VR Headset
https://www.amazon.de/dp/B01N996IN0 , B01N996IN0 ,  ,  , Generic , Generic VR-3D-Brille， Virtual Reality， Helm， für Mobile， Theater， Headset， Virtual Reality， Handy， 3D-Filme， 3D IMAX
https://www.amazon.de/dp/B01JAIZ9JE , B01JAIZ9JE ,  ,  , Rusty Bob , Rusty Bob - DMW-BLH7E Akku/Batterie Panasonic Lumix DMC-GM1KEB DMC-GM1 DMC-GM1D DMC-GM1K DMC-GM1KD DMC-GM1KK DMC-GM1KS DMC-GM1S DMC-GM1W - Ladegerät&Akku
https://www.amazon.de/dp/B00NWFX6EM , B00NWFX6EM ,  ,  , sourcing map , 2 Stück， mit Kabel， kabel schwarz Batteriehalter， 3 x 1，5 V AAA
https://www.amazon.de/dp/B0788H7B5R , B0788H7B5R ,  ,  , WAfeel , Apple Watch Armband 38 mm für iWatch Serie3/Serie2/Serie1， Apple Watch Band konvexe Form Armband Leder Vollnarbenleder mit Edelstahl Verschluss 8 Farben Leder Watch Band/Strap Orange
https://www.amazon.de/dp/B076VNSX9L , B076VNSX9L ,  ,  , Gazechimp , Gazechimp 3 Stk. USB Daten Ladekabel Für Gopro Held 4 Kamera Wifi Fernbedienung
https://www.amazon.de/dp/B00YPIVOJE , B00YPIVOJE ,  ,  , Mastercool , Mastercool 90274 gerade Adapter 1/10，2 cm mflx1/10，2 cm FFL Drehgelenk
https://www.amazon.de/dp/B07C3ZK87C , B07C3ZK87C ,  ,  , amECOP , AECOP Fintie Schutzhülle Case für Amazon Echo Plus/Echo (1st Generation) - Premium Vegan Leather Cover Sleeve
https://www.amazon.de/dp/B07KLWSPGZ , B07KLWSPGZ ,  ,  ,  , WOSOSYEYO Polygraph Shocking Lügner Micro Elektroschock-Lügen-Detektor-Wahrheits-Spiel-Spielzeug
https://www.amazon.de/dp/B07K4D4938 , B07K4D4938 ,  ,  , Ironheel , iSteady GC2 Handy Clip Transfer für GoPro Session Clip Clamp Stabilisator Zubehör Universal
https://www.amazon.de/dp/B01MD2CTGQ , B01MD2CTGQ ,  ,  , Gazechimp , Gazechimp Aluminium Handheld Schwebestativ Stabilizer für GoPro Hero 4 3+ Sport-Kamera Schwarz
https://www.amazon.de/dp/B07J4DPBH7 , B07J4DPBH7 ,  ,  , WOSOSYEYO , Portable Selfie Light Ring Clip Leuchtlampe LED-Blitzlicht-Telefon-Ring (Farbe: weiß)
https://www.amazon.de/dp/B07H9H6ZH5 , B07H9H6ZH5 ,  ,  , BOYA BY-DMR7 , Ausstrahlungsmikrofon mit LCD-Display und integriertem Blitzrekorder für Digitale Spiegelreflexkameras Canon/Nikon / Sony und Videokameras
https://www.amazon.de/dp/B07H9FLLJT , B07H9FLLJT ,  ,  , Aputure , Broadcast Omnidirectional Lavalier Kondensatormikrofon mit Windschutz für Handy/Tablet
https://www.amazon.de/dp/B06XMZWH4F , B06XMZWH4F ,  ,  , fittings4you , 43 mm - 62 mm Filter Adapter Step-Up Adapter Filteradapter Step Up 43-62
https://www.amazon.de/dp/B003JH7XBU , B003JH7XBU ,  ,  , Plasticase， Inc. , Nanuk Wasserdicht Panel Kit für die 915 Nanuk Hartschale (Lexan)
https://www.amazon.de/dp/B01KXDKMC4 , B01KXDKMC4 ,  ,  , Feamos , feamos Nahlinse mini7s/8 Rotary Selbstporträt Kaninchen Spiegel für Kamera Instax blau
https://www.amazon.de/dp/B01MYDAIB3 , B01MYDAIB3 ,  ,  , dHD Digital , 86mm +8 Close-Up Filter Makrolinse Nahlinse Close Up CloseUp 86 mm Dioptrien
https://www.amazon.de/dp/B07HJCXV3D , B07HJCXV3D ,  ,  ,  , Ironheel Air-Objektiv Mini Poatable Leichte UV HD-Kamera-Objektiv-Filter für DJI Luft Kamera Drone Polarizer Density Filter
https://www.amazon.de/dp/B07GT4DL5J , B07GT4DL5J ,  ,  , Mollies , Tragbare PGYTECH Objektiv Filter für DJI Mavic Pro Drohne G-HD-ND8 CPL HD Filter Zubehör Gimbal Objektiv Filter Quadcopter Teile
https://www.amazon.de/dp/B07K14HGZK , B07K14HGZK ,  ,  , WOSOSYEYO , 58mm UV Ultra-Violet Haze DSLR Kamera Glas Metall Objektiv Filter Objektivschutz (Farbe: Schwarz & Transparent)
https://www.amazon.de/dp/B07H1KZJQZ , B07H1KZJQZ ,  ,  , Tonewan , Tonewan Kamera-Gegenlichtblende für Canon ES68 ES-68 EOS EF 50 mm 1: 1，8 STM 49 mm Objektivschutz
https://www.amazon.de/dp/B07GBNYSJ6 , B07GBNYSJ6 ,  ,  , Moliies , 3 STÜCKE ultradünne Kamera Objektiv Filter Set ND8 CPL MCUV Zirkularpolfilter UV Filter Kit mit Aufbewahrungsbox Für DJI Mavic Pro
https://www.amazon.de/dp/B075J9H263 , B075J9H263 ,  ,  , Gazechimp , Gazechimp 1 Stk. Wasserdichte Objektivfilter Aufbewahrungs Tasche， Zusatz für 25mm-77mm DSLR Objektivfilter
https://www.amazon.de/dp/B0758GG9VD , B0758GG9VD ,  ,  , Gazechimp , Gazechimp Wasserdicht Fotorucksack Kameratasche Mehrzweck Rucksacktasche für DSLR-Kamera， Fotoausrüstung und Laptop - Orange
https://www.amazon.de/dp/B0758CLDN5 , B0758CLDN5 ,  ,  , Gazechimp , Gazechimp 1 Stück Multifunktionale Große Kamera Rucksack Tasche für Canon， Nikon， Sony - Grau
https://www.amazon.de/dp/B01I5WH0T8 , B01I5WH0T8 ,  ,  , RIVA , Riva Kamera Reise Rucksack Case Schutz Tasche Bag für SLR， Objektive und Zubehör in Schwarz für Canon EOS 650D
https://www.amazon.de/dp/B0755HB2Q2 , B0755HB2Q2 ,  ,  , Gazechimp , Gazechimp 4 x atmungsaktiv Kamera Objektivbeutel mit Bequeme Gürtel elastische Knöpfe
https://www.amazon.de/dp/B00U7AN7JE , B00U7AN7JE ,  ,  , DSTE , DSTE® Batterie Griff für Nikon D750 DSLR Digital Kamera als MB-D16
https://www.amazon.de/dp/B07K1RJ5PQ , B07K1RJ5PQ ,  ,  , WOSOSYEYO , PULUZ PU2503 Vertikale Ersatzkamera Batteriegriff für Nikon D7100 / D7200 (Farbe: schwarz)
https://www.amazon.de/dp/B00TJ51O0W , B00TJ51O0W ,  ,  , TERRA FIRMA TRIPODS , Terra Firma Stative t-cf400-bh300 Carbon 4 beinig Bein Set mit Kugelkopf BH300， schwarz
https://www.amazon.de/dp/B00UI9EMOS , B00UI9EMOS ,  ,  , EUC Displayschutzfolien , 3 x Displayschutzfolie matt/entspiegelnd für Sony Alpha 6000
https://www.amazon.de/dp/B013ULFGMC , B013ULFGMC ,  ,  , Andoer , Andoer ET-60II Sonnenblende für Canon EF 75-300mm f / 4-5，6 III EF-S 55-250mm f / 4-5.6 IS
https://www.amazon.de/dp/B07K347835 , B07K347835 ,  ,  , Moliies , Warm Glove Hand Warmer Cool Air Shield Hood Helmet for DJI Walkera FS RC Transmitter Remote Controller
https://www.amazon.de/dp/B079FSHSRS , B079FSHSRS ,  ,  , Pixco , Pixco et-65 Ⅲ Bajonett-Gegenlichtblende für Canon EF 85 mm f1.8 USM Objektiv
https://www.amazon.de/dp/B07K175MBB , B07K175MBB ,  ,  , WOSOSYEYO , Onleny Schlank UV CPL FLD Filter Aufbewahrungstasche Reinigungsstift Objektivdeckel 9 stücke Kit (Farbe: schwarz & orange)
https://www.amazon.de/dp/B077NGYP2K , B077NGYP2K ,  ,  , Gazechimp , Gazechimp Brillenputztuch Mikrofaser Reinigungstücher 17，2 x 14，3 cm für die Reinigung von Brillen， Handy， Smartphone， Tablets， Notebook， Touchscreen Display， LCD Bildschirmen (10-teiliges Pack) - Grau + Beige
https://www.amazon.de/dp/B06XDQGWTK , B06XDQGWTK ,  ,  , sourcingmap , sourcingmap DC3-12V 18000RPM Zylindrischer Miniatur DC Motor für ferngesteuert Spielzeugauto
https://www.amazon.de/dp/B07JNQR2P6 , B07JNQR2P6 ,  ,  , AAQwsde , AAQwsde Schreibtischlampe LED Leselicht Nachttischlampe Augenschutz USB wiederaufladbar für Schlafzimmer
https://www.amazon.de/dp/B07CMR76LK , B07CMR76LK ,  ,  , Panasonic , Panasonic DE-A92AC Ladegerät für DMC-FT30 Lumix Digitalkamera
https://www.amazon.de/dp/B01NBUBEYP , B01NBUBEYP ,  ,  , Vikuiti , Vikuiti Displayschutzfolie DQCM30 von 3M für GoPro Hero5 Session - Schuzfolie Matt
https://www.amazon.de/dp/B01M3R3UPE , B01M3R3UPE ,  ,  , GOLEBO , 6x Golebo Semi-Matt Displayschutzfolie Displayfolie für Sony HXR-MC2500 (Matt / Antireflexfunktion， Blasenfreie Montage， Passgenauer Zuschnitt)
https://www.amazon.de/dp/B07KLZV7P4 , B07KLZV7P4 ,  ,  ,  , WOSOSYEYO Folgen Sie gezeichnete Linie Magic Pen Automatische Induktive Spielzeug-Auto-Modell-Serie für Kinder
https://www.amazon.de/dp/B07KT3GY63 , B07KT3GY63 ,  ,  , Moliies , Smartphone Video Rig Ulanzi Filmaufnahme Aufnahme Vlogging Rig Mount Stabilizer
https://www.amazon.de/dp/B07CY2C7P4 , B07CY2C7P4 ,  ,  , bg-akku24 , bg-akku24 2 Stück Akku， Ladegerät und Netzteil für Fujifilm Finepix Fujifilm Finepix JX200， JX205， JX250， JX280， JX300， JX305， JX350， JX355， JX370， JX375， JX400， JX405 JX420， JX490， JX500， JX520， JX550， JX580， JX590， JX700， JX710， Z10fd， Z20fd， Z30， Z31， Z33WP， Z35， Z37， Z70， Z71， Z80， Z81， Z90， Z100fd， Z110， Z115， Z200fd， Z300， Z700EXR， Z707EXR， Z800EXR， Z808EXR， Z900EXR， Z909EXR， Z950EXR， Z1000EXR， Z1010EXR - NP-45， NP-45A， NP-45S
https://www.amazon.de/dp/B01HDKA1U8 , B01HDKA1U8 ,  ,  , bg-akku24 , bg-akku24 Akku und Ladekabel， Datenkabel， USB-Kabel für Maginon SW 140， Maginon SZ 10， Maginon SZ 24， Maginon SZ 125， Maginon Z 1600， Maginon Z 1655， Tevion SZ 7， Tevion SZ 8
https://www.amazon.de/dp/B07CWD9YS7 , B07CWD9YS7 ,  ,  , bg-akku24 , bg-akku24 2 Stück Akku， Ladegerät und Netzteil für Olympus SH-21， SH-25MR， SP-720UZ， SP-800， SP-810UZ， SZ-10， SZ-11， SZ-12， SZ-14， SZ-15， SZ-16， SZ-17， SZ-20， SZ-25MR， SZ-30MR， SZ-31MR， TG-620， TG-630， TG-810， TG-820， TG-830， TG-835， TG-850， TG-860， TG-870 - Li-50B
https://www.amazon.de/dp/B07BR17S6K , B07BR17S6K ,  ,  , bg-akku24 , bg-akku24 Akku， Ladegerät und Netzteil für Traveler IS 12， Slimline X8， Super Slim XS 8 Super Slim XS 10 Super Slim XS 70， Super Slim XS 80， SW 12， Touch One， XS 12， XS 40， XS 400 XS 4000， Z 14
https://www.amazon.de/dp/B07CTSJ6M6 , B07CTSJ6M6 ,  ,  , bg-akku24 , bg-akku24 2 Stück Akku， Ladegerät und Netzteil für Panasonic Lumix DMC-TZ1， DMC-TZ2， DMC-TZ3， DMC-TZ4， DMC-TZ5， DMC-TZ11， DMC-TZ15， DMC-TZ50 - CGA-S007A
https://www.amazon.de/dp/B01HQA2PDG , B01HQA2PDG ,  ,  , bg-akku24 , bg-akku24 Akku und Ladekabel， Datenkabel， USB-Kabel für Sony Cyber-shot DSC-TX30， DSC-W710， Sony Cyber-shot DSC-W730， Sony Cyber-shot DSC-W800， Sony Cyber-shot DSC-W810， Sony Cyber-shot DSC-W830
https://www.amazon.de/dp/B008FZ7IXO , B008FZ7IXO ,  ,  , NX , NX - Videokamera Akku 7.2V 2200mAh - CGRV610 ; CGR-V610 ; CGR-V620 ; CGRV620 ; C
https://www.amazon.de/dp/B00APJCRX4 , B00APJCRX4 ,  ,  , Yongnuo , Yongnuo RF-602/C1 2in1 Funkfernauslöser und Blitzauslöser Kombi-System für die Canon 1000D 550D 500D 450D 400D 350D 300D 3 X-Empfängern
https://www.amazon.de/dp/B07GNM626C , B07GNM626C ,  ,  , Enjoyall , Enjoyall Runde Schnellwechselplatte mit 1/4 Schraube für Manfrotto Compact Action Stative
https://www.amazon.de/dp/B07JF8D49S , B07JF8D49S ,  ,  , Moliies , Modische Kamera Einzelner Schulter Hals Kamera Verstellbare Durable Anti-Rutsch-Gurt für SLR DSLR schwarz Zubehör
https://www.amazon.de/dp/B015Q85AXC , B015Q85AXC ,  ,  , Peak , Peak Glasskala 2044-S
https://www.amazon.de/dp/B017KEF7II , B017KEF7II ,  ,  , fittings4you , Gegenlichtblende Sonnenblende Metall lang 52mm Universal 52 mm
https://www.amazon.de/dp/B07LBKXSJV , B07LBKXSJV ,  ,  , Bloomgreen Co. , Bloomgreen Co. RÃ¼ckobjektivdeckel Deckel Kunststoff-Runde ObjektivrÃ¼ckdeckel fÃ¼r PK-Objektiv Pentax Schwarz
https://www.amazon.de/dp/B07HJYYS61 , B07HJYYS61 ,  ,  , Detectoy , USB 2.0 Video Adapter mit Audio， ABS Schwarz Objektivdeckel Shading Cover Schutzhülle für DJI Phantom 4
https://www.amazon.de/dp/B07JZH3RSS , B07JZH3RSS ,  ,  , WOSOSYEYO , 3-Wege-Einstellbasis Multifunktions-Brustgurt Basis für GoPro (Farbe: Schwarz)
https://www.amazon.de/dp/B077YQM4LT , B077YQM4LT ,  ,  , Gazechimp , Gazechimp Kamera Stativ Schnellwechselplatte Klemmadapter QR-50C Universal Kamera Zubehör 88x50x12mm Schwarz
https://www.amazon.de/dp/B00005Y3OR , B00005Y3OR ,  ,  , Tamron , Tamron SP 28-200mm/3，8-5，6 ASL LD IF Zoom-Objektiv für Nikon
https://www.amazon.de/dp/B017A1WBB2 , B017A1WBB2 ,  ,  , Power4Laptops , Acer Aspire E5–471–52TW Kompatibel Laptop Power DC Adapter KFZ-Ladegerät
